Filename,Rating
CF137.jpg,2.933333
AF1814.jpg,3.116667
AM1557.jpg,2.116667
AF687.jpg,2.733333
AF1044.jpg,2.983333
AM1813.jpg,3.733333
AM414.jpg,2.816667
AM145.jpg,3.033333
CF683.jpg,4.183333
AM51.jpg,3.75
AF51.jpg,2.35
AF894.jpg,3.166667
AM172.jpg,2.85
AM1374.jpg,2.65
AF712.jpg,2.616667
AM1940.jpg,4.3
AF1255.jpg,4.216667
CM359.jpg,2.966667
AM1448.jpg,2.5
AF493.jpg,2.8
CF30.jpg,3.366667
AF1977.jpg,4.45
AM1985.jpg,2.183333
AF713.jpg,2.533333
AM944.jpg,1.783333
AM1114.jpg,3.316667
AM1026.jpg,2.266667
AM1805.jpg,3.666667
CF350.jpg,2.55
AF898.jpg,4.066667
CF48.jpg,2.75
AF1373.jpg,2.783333
AF1126.jpg,2.583333
AF1664.jpg,3.266667
AF257.jpg,2.383333
CM135.jpg,2.65
CM587.jpg,1.716667
AM818.jpg,2.783333
CM650.jpg,4.45
CM550.jpg,2.35
AM1648.jpg,4.066667
AM1561.jpg,3.216667
AF1082.jpg,2.633333
AF908.jpg,3.066667
AF384.jpg,2.033333
AF905.jpg,4.416667
AF969.jpg,3.783333
AF708.jpg,1.9
CM502.jpg,2.516667
AF212.jpg,2.8
CM218.jpg,2.883333
AF1446.jpg,3.766667
AF573.jpg,2.683333
AF1250.jpg,2.433333
AF1447.jpg,4.316667
AM2000.jpg,3.083333
AM1744.jpg,3.233333
AF1945.jpg,3.066667
AM1930.jpg,4.3
AM801.jpg,2.816667
CF43.jpg,2.283333
AF850.jpg,3.616667
AM1174.jpg,2.433333
AF163.jpg,2.8
CF206.jpg,2.133333
AF1603.jpg,3.95
CM336.jpg,2.9
AF287.jpg,1.7
AF143.jpg,1.783333
AM783.jpg,2.65
AF304.jpg,1.933333
AF1324.jpg,4.05
AM759.jpg,2.983333
AM1312.jpg,2.733333
AM1227.jpg,2.366667
CF618.jpg,4.05
CF384.jpg,2.666667
CF542.jpg,2.9
CM657.jpg,4.083333
CF513.jpg,2.266667
AF70.jpg,2.916667
AM1360.jpg,2.216667
AM1969.jpg,3.7
CM546.jpg,3.15
AF1497.jpg,2.85
AM107.jpg,2.983333
AM37.jpg,3.066667
CF252.jpg,3.5
AM995.jpg,2.7
AM1349.jpg,2.7
CM441.jpg,2.633333
AM587.jpg,2.8
AF109.jpg,2.333333
AM891.jpg,2.716667
CF233.jpg,3.05
AF1602.jpg,3.7
AM138.jpg,3.233333
AM648.jpg,2.583333
CF471.jpg,2.683333
AM1831.jpg,3.516667
AM1209.jpg,2.466667
CM420.jpg,3.75
AF1789.jpg,3.65
AM948.jpg,2.916667
AM604.jpg,2.783333
CF295.jpg,3.8
AM1787.jpg,2.8
AM684.jpg,3.016667
AM1817.jpg,3.116667
CM589.jpg,2.883333
AM1067.jpg,2.133333
AF672.jpg,2.466667
AM411.jpg,2.816667
CF111.jpg,2.983333
CM747.jpg,3.85
AM1389.jpg,2.766667
AM430.jpg,2.883333
AF1700.jpg,3.05
AF5.jpg,2.0
AM958.jpg,2.316667
AF783.jpg,4.316667
CM144.jpg,2.333333
AF59.jpg,2.083333
CM540.jpg,3.083333
AM942.jpg,2.866667
CM355.jpg,1.55
AF895.jpg,3.516667
AF1496.jpg,3.683333
CM688.jpg,4.15
AM1641.jpg,3.433333
CF695.jpg,4.316667
AF1062.jpg,4.183333
AM1601.jpg,3.966667
AM418.jpg,1.95
AM1959.jpg,3.75
AM1876.jpg,3.1
AF763.jpg,2.6
CF203.jpg,2.016667
AM1001.jpg,2.3
AF1040.jpg,2.233333
AM247.jpg,3.883333
AM1113.jpg,2.95
AM150.jpg,3.516667
AM1882.jpg,2.85
CF388.jpg,3.4
AF352.jpg,2.166667
CF491.jpg,2.116667
AM1530.jpg,2.616667
CM683.jpg,3.366667
AM1725.jpg,3.25
AM356.jpg,2.65
CM154.jpg,3.7
AM717.jpg,2.133333
CF341.jpg,3.133333
AF1489.jpg,3.1
AF1757.jpg,2.783333
CF159.jpg,2.433333
AM886.jpg,2.983333
AM1846.jpg,2.366667
AM1886.jpg,3.066667
AM1310.jpg,2.616667
CM272.jpg,3.2
AM1941.jpg,3.533333
AM1005.jpg,2.45
AF1772.jpg,3.5
CF578.jpg,3.966667
CM130.jpg,2.966667
AM1906.jpg,3.066667
CF667.jpg,3.95
CM681.jpg,3.9
AM1143.jpg,2.35
CF488.jpg,2.9
CM552.jpg,2.7
CM629.jpg,2.266667
AM583.jpg,2.833333
AF475.jpg,1.85
AF1878.jpg,3.983333
AM1547.jpg,2.233333
AF372.jpg,2.633333
AM897.jpg,2.516667
AM1545.jpg,2.716667
AF885.jpg,4.216667
AM1987.jpg,3.966667
AM589.jpg,2.25
AF1874.jpg,3.316667
CM574.jpg,3.05
AM1505.jpg,2.783333
AM1009.jpg,2.716667
AF157.jpg,2.366667
AF1834.jpg,3.8
AF268.jpg,3.3
AF568.jpg,2.416667
AF276.jpg,2.133333
AM1559.jpg,2.716667
CM738.jpg,3.8
CM723.jpg,3.2
CM11.jpg,4.416667
AF1068.jpg,4.116667
AF96.jpg,3.1
AF1741.jpg,3.883333
AF551.jpg,3.733333
AF506.jpg,2.983333
CM56.jpg,2.316667
AF1625.jpg,2.083333
AM304.jpg,4.183333
AM1777.jpg,3.7
CF458.jpg,2.666667
AM1465.jpg,2.816667
AM155.jpg,3.766667
CF474.jpg,2.15
CF467.jpg,2.916667
AM497.jpg,1.866667
AF974.jpg,2.716667
CF729.jpg,3.716667
AM1812.jpg,2.833333
AF631.jpg,3.4
AM1659.jpg,3.05
CF210.jpg,2.8
CF699.jpg,3.75
CM182.jpg,2.666667
AF755.jpg,4.25
CM358.jpg,2.533333
CF660.jpg,3.466667
AM1629.jpg,4.333333
AM1825.jpg,2.35
AM1173.jpg,1.9
AF615.jpg,2.666667
CM255.jpg,3.416667
AF312.jpg,2.233333
AF26.jpg,2.25
CM352.jpg,2.816667
AM1351.jpg,2.75
CM615.jpg,3.033333
AF1094.jpg,4.066667
CM471.jpg,2.8
CM439.jpg,3.25
AM1395.jpg,2.916667
AM1582.jpg,3.666667
AF1685.jpg,3.833333
AF798.jpg,4.166667
AM1004.jpg,2.3
AF657.jpg,2.416667
AF67.jpg,3.083333
CM191.jpg,2.983333
AF334.jpg,2.25
AM289.jpg,2.4
AF599.jpg,2.733333
CF40.jpg,3.383333
AM255.jpg,2.766667
AF1961.jpg,2.666667
CM517.jpg,2.616667
CM703.jpg,4.116667
AM1398.jpg,2.666667
AM295.jpg,2.55
AF1335.jpg,4.066667
AM1608.jpg,4.266667
CF76.jpg,1.95
AM991.jpg,2.1
CF227.jpg,2.6
CM228.jpg,2.883333
CF579.jpg,3.666667
AF863.jpg,2.783333
AM129.jpg,4.3
AM1806.jpg,2.783333
AF1406.jpg,3.766667
CM131.jpg,2.233333
AM550.jpg,2.466667
AM1531.jpg,2.866667
AF721.jpg,2.6
AF223.jpg,2.35
AM1126.jpg,2.4
AF1214.jpg,3.116667
AF445.jpg,2.166667
AM274.jpg,4.0
AF1014.jpg,4.316667
AF1900.jpg,3.033333
AM649.jpg,3.616667
AF1199.jpg,4.116667
AM1814.jpg,2.433333
CF102.jpg,3.3
AF19.jpg,3.033333
CM537.jpg,2.883333
AM703.jpg,2.716667
AF37.jpg,2.166667
AM1538.jpg,2.816667
AF1853.jpg,1.883333
CF9.jpg,3.533333
AM1171.jpg,2.466667
AM635.jpg,2.7
AF1055.jpg,3.45
AM1657.jpg,4.1
CM157.jpg,3.8
AF1590.jpg,1.066667
AF1767.jpg,3.95
AF464.jpg,3.316667
CF406.jpg,2.45
CF374.jpg,3.8
AF339.jpg,2.2
AM867.jpg,3.516667
CF577.jpg,4.366667
AM132.jpg,2.65
AM35.jpg,3.15
AF871.jpg,2.8
AF891.jpg,2.283333
CM45.jpg,2.65
AF1886.jpg,2.8
CM128.jpg,2.283333
AM91.jpg,2.983333
CF106.jpg,2.9
AF766.jpg,2.466667
CF743.jpg,2.916667
AM843.jpg,2.466667
AF1473.jpg,2.816667
AM1217.jpg,2.9
AF1194.jpg,4.233333
AM1769.jpg,3.833333
CF60.jpg,2.783333
AM1766.jpg,3.666667
AF575.jpg,2.916667
AF1937.jpg,3.2
CM388.jpg,2.65
AF1967.jpg,1.883333
AM1334.jpg,2.1
AM469.jpg,2.833333
CF45.jpg,2.6
AM1583.jpg,1.35
AM1565.jpg,4.0
AM796.jpg,2.466667
AF706.jpg,1.916667
CM401.jpg,2.783333
AF1212.jpg,3.883333
CF288.jpg,3.083333
CM353.jpg,3.15
AF286.jpg,2.816667
CF432.jpg,2.166667
AF569.jpg,3.716667
AM625.jpg,3.05
AM1003.jpg,2.466667
CM315.jpg,2.733333
CM582.jpg,2.433333
CM655.jpg,4.166667
CF518.jpg,2.416667
AF145.jpg,2.9
CF489.jpg,2.666667
AF1941.jpg,3.133333
AF407.jpg,3.266667
AF1078.jpg,3.483333
AM134.jpg,3.983333
AM1973.jpg,3.633333
CF254.jpg,2.966667
CM43.jpg,2.516667
CF97.jpg,2.666667
CM389.jpg,2.466667
AM751.jpg,2.533333
AF492.jpg,4.166667
AM175.jpg,2.683333
AM848.jpg,2.516667
AF1608.jpg,3.3
AF1145.jpg,2.016667
AF1359.jpg,3.916667
CM484.jpg,2.633333
CM377.jpg,2.6
AF1051.jpg,2.7
AM1834.jpg,3.516667
AM1614.jpg,4.116667
AF1669.jpg,4.0
AM230.jpg,2.25
CM371.jpg,2.266667
AF1628.jpg,4.1
CM356.jpg,2.433333
AM1553.jpg,2.85
CF598.jpg,4.233333
AF179.jpg,2.033333
AF1319.jpg,4.15
AM288.jpg,2.216667
AF1232.jpg,3.183333
CF523.jpg,2.35
CF266.jpg,2.866667
AM1133.jpg,2.716667
CM31.jpg,2.933333
AF1260.jpg,3.716667
AF1543.jpg,3.9
AF866.jpg,2.383333
AM1282.jpg,2.05
AF100.jpg,2.9
AM1129.jpg,2.233333
AF336.jpg,2.65
AF813.jpg,3.133333
AM1390.jpg,2.316667
AF605.jpg,2.666667
AM198.jpg,3.133333
AF1704.jpg,2.166667
CM111.jpg,3.0
AM28.jpg,4.233333
AM269.jpg,4.016667
AF1074.jpg,3.116667
AF1986.jpg,1.016667
CM566.jpg,2.616667
AM73.jpg,1.9
AM1290.jpg,2.466667
AF1262.jpg,3.8
AF43.jpg,2.166667
AF1186.jpg,2.2
AF1706.jpg,3.5
AM557.jpg,2.716667
CF393.jpg,2.9
CM505.jpg,2.083333
AM1698.jpg,4.4
AM422.jpg,2.5
AF1426.jpg,3.5
AF518.jpg,2.15
AF677.jpg,2.283333
CM698.jpg,3.0
AF925.jpg,2.35
AF1810.jpg,2.583333
AF1453.jpg,1.15
CM348.jpg,2.583333
AM1528.jpg,2.0
AF1722.jpg,3.4
AF272.jpg,3.366667
AF637.jpg,2.7
CM125.jpg,2.366667
AF1340.jpg,3.9
AF940.jpg,3.3
AM740.jpg,2.7
AM1117.jpg,2.9
AF1341.jpg,2.233333
AM364.jpg,2.466667
AM547.jpg,2.333333
CM670.jpg,4.05
CF533.jpg,2.516667
AM349.jpg,2.716667
AF1885.jpg,2.716667
AM763.jpg,2.583333
AF8.jpg,2.75
AF945.jpg,3.2
AF264.jpg,2.583333
CM482.jpg,3.066667
AM811.jpg,3.066667
CF185.jpg,2.766667
CF164.jpg,2.516667
AM819.jpg,2.866667
AM569.jpg,2.9
CF269.jpg,4.016667
AF1282.jpg,3.466667
AM1900.jpg,3.383333
AM693.jpg,2.866667
AM553.jpg,2.75
CM423.jpg,2.8
CF628.jpg,4.316667
AF1724.jpg,3.716667
CF218.jpg,2.95
AF1295.jpg,4.083333
AM1054.jpg,1.833333
AF305.jpg,1.833333
CF414.jpg,2.333333
AM1047.jpg,4.45
AM128.jpg,3.366667
CM507.jpg,3.183333
AM1920.jpg,2.583333
AM1010.jpg,2.25
CF651.jpg,3.933333
AF1329.jpg,3.416667
CF143.jpg,3.7
CF447.jpg,3.0
AF1077.jpg,3.116667
AM1719.jpg,3.55
AM1119.jpg,2.633333
AF1116.jpg,4.016667
AF1860.jpg,3.216667
CF19.jpg,3.933333
AM1753.jpg,3.45
AM1481.jpg,2.266667
CM114.jpg,2.683333
AM1017.jpg,2.283333
AM315.jpg,3.0
AM901.jpg,2.533333
AF247.jpg,2.866667
AF964.jpg,3.783333
AM1324.jpg,2.6
AM67.jpg,3.45
AM1549.jpg,2.266667
AF1807.jpg,2.716667
AM1566.jpg,4.2
CM567.jpg,2.866667
AF13.jpg,3.35
AF160.jpg,1.983333
CF686.jpg,4.116667
AM784.jpg,2.15
CF617.jpg,3.466667
CF287.jpg,2.833333
AM730.jpg,2.933333
AF329.jpg,3.133333
AF1233.jpg,2.766667
AM1467.jpg,2.966667
AM724.jpg,1.983333
AM426.jpg,2.616667
CM451.jpg,2.5
AM1178.jpg,2.133333
AM1735.jpg,3.416667
AM494.jpg,2.516667
CF711.jpg,3.666667
CM485.jpg,3.783333
AF151.jpg,2.266667
AM1339.jpg,2.266667
AM1430.jpg,2.45
AF1948.jpg,2.766667
AM75.jpg,3.866667
AM120.jpg,4.433333
CF56.jpg,2.383333
CF516.jpg,3.416667
AM806.jpg,2.4
CM614.jpg,2.416667
CF134.jpg,2.616667
AM528.jpg,2.9
AF278.jpg,2.866667
CM93.jpg,4.433333
AF904.jpg,2.566667
AF1067.jpg,2.583333
AF457.jpg,2.583333
AM710.jpg,2.6
CF282.jpg,3.033333
AF1323.jpg,2.916667
AM1699.jpg,4.533333
AM316.jpg,2.683333
AF1451.jpg,4.066667
AM686.jpg,2.816667
AM1272.jpg,2.05
AF195.jpg,2.9
CF213.jpg,2.833333
AF1231.jpg,3.983333
AM1053.jpg,2.783333
AF1298.jpg,3.8
AF553.jpg,2.95
CF305.jpg,3.9
AF1946.jpg,1.7
AF1890.jpg,1.15
AM955.jpg,2.666667
AM1788.jpg,2.066667
CM679.jpg,3.316667
CF328.jpg,2.916667
AM83.jpg,3.1
AM791.jpg,2.5
AM1899.jpg,2.666667
AF548.jpg,3.616667
AF1638.jpg,3.833333
AM1099.jpg,2.816667
AM926.jpg,2.35
CM415.jpg,2.883333
AF1880.jpg,2.466667
AM1950.jpg,3.216667
AF847.jpg,2.75
AF1611.jpg,3.333333
AM1785.jpg,3.0
AF1075.jpg,3.9
CM215.jpg,2.7
AF600.jpg,3.35
AM1682.jpg,3.916667
CM47.jpg,2.75
AM1832.jpg,3.566667
CM302.jpg,2.55
AF285.jpg,2.916667
AM1181.jpg,2.483333
AM1937.jpg,3.683333
AF1267.jpg,3.433333
CF733.jpg,3.0
CM283.jpg,2.95
CF655.jpg,3.816667
AM342.jpg,2.75
CF379.jpg,3.5
AF799.jpg,3.116667
AF1079.jpg,2.966667
AF705.jpg,2.433333
AF1285.jpg,3.966667
AM1610.jpg,3.3
AM185.jpg,2.4
AF1949.jpg,4.016667
AF92.jpg,2.533333
AF1818.jpg,3.25
CM622.jpg,2.666667
CF700.jpg,3.716667
CM521.jpg,3.6
AF1181.jpg,2.5
AM681.jpg,2.733333
CF422.jpg,2.516667
CF482.jpg,2.783333
AF1392.jpg,4.033333
AF962.jpg,3.983333
AM17.jpg,3.266667
AF1153.jpg,3.266667
AM1866.jpg,3.216667
AF350.jpg,2.266667
AF1972.jpg,4.083333
AF1896.jpg,3.15
CM120.jpg,3.333333
CF299.jpg,3.766667
AM465.jpg,1.716667
CM613.jpg,1.583333
AM1220.jpg,2.25
AF1761.jpg,3.883333
CM245.jpg,2.783333
CM676.jpg,4.016667
AM1563.jpg,3.0
AF103.jpg,2.6
AM1159.jpg,2.7
AM309.jpg,2.65
AF181.jpg,2.9
AM1363.jpg,1.666667
AM1691.jpg,4.05
AM1823.jpg,2.733333
AF1273.jpg,1.283333
AF1927.jpg,4.2
AF1261.jpg,3.833333
AM251.jpg,2.883333
AM224.jpg,2.683333
CF145.jpg,2.05
CF18.jpg,4.383333
AF1646.jpg,4.383333
AM279.jpg,2.35
CM250.jpg,3.15
AF1240.jpg,2.716667
AF83.jpg,2.683333
AM1761.jpg,3.85
AF957.jpg,3.016667
AF199.jpg,2.683333
AF220.jpg,2.65
AF1405.jpg,4.116667
CF67.jpg,2.716667
CM603.jpg,2.966667
AM1172.jpg,2.266667
CM624.jpg,2.433333
AM156.jpg,4.0
AM62.jpg,3.533333
AF482.jpg,2.733333
CF5.jpg,3.883333
AF308.jpg,2.483333
AF1466.jpg,3.7
CM528.jpg,3.533333
AM286.jpg,1.916667
CM666.jpg,4.166667
CM438.jpg,2.566667
CF348.jpg,1.75
AF1156.jpg,4.183333
AM1885.jpg,4.216667
AF1840.jpg,2.466667
AF253.jpg,2.7
AM1182.jpg,2.183333
AF1518.jpg,3.433333
CF739.jpg,3.683333
AF1210.jpg,2.616667
AM861.jpg,2.6
CM123.jpg,3.25
AM1064.jpg,4.133333
CM429.jpg,2.733333
CF400.jpg,3.1
AM1194.jpg,2.733333
AF614.jpg,3.033333
CF196.jpg,2.616667
AF204.jpg,2.666667
AM1852.jpg,4.033333
AM1779.jpg,3.716667
AF391.jpg,1.35
AM1615.jpg,3.05
CM417.jpg,2.5
AM1338.jpg,2.433333
AM1977.jpg,4.083333
CM581.jpg,2.65
AM1587.jpg,4.5
AM178.jpg,2.466667
CF177.jpg,2.883333
AF1848.jpg,3.466667
AM417.jpg,2.966667
AF213.jpg,3.866667
AM642.jpg,2.916667
CF302.jpg,2.7
AM376.jpg,3.283333
AM1323.jpg,2.95
AM358.jpg,2.5
AM4.jpg,3.316667
AM1737.jpg,3.9
AM1000.jpg,2.766667
AM146.jpg,2.966667
CF133.jpg,2.933333
AM967.jpg,3.133333
AM662.jpg,2.6
CF239.jpg,2.816667
AM865.jpg,2.716667
AF1907.jpg,2.966667
AF768.jpg,3.016667
AM1204.jpg,2.533333
AF1313.jpg,2.516667
AF56.jpg,3.316667
AF1832.jpg,4.083333
CM473.jpg,2.75
CF475.jpg,3.416667
AF1367.jpg,3.083333
AM1808.jpg,3.95
AM1999.jpg,3.416667
AM718.jpg,2.516667
CF158.jpg,2.4
AM1485.jpg,2.466667
AF1084.jpg,1.833333
AM1822.jpg,3.933333
AM1255.jpg,2.35
CM436.jpg,3.35
AM938.jpg,2.9
CF568.jpg,4.366667
AM266.jpg,2.883333
AM874.jpg,2.3
AF158.jpg,2.516667
AM472.jpg,2.85
AF39.jpg,1.85
AF995.jpg,3.016667
CF29.jpg,2.616667
AM755.jpg,2.583333
AF1938.jpg,2.216667
AF1905.jpg,3.566667
AM470.jpg,2.583333
AF1330.jpg,4.016667
AM326.jpg,2.216667
CF339.jpg,3.2
AM525.jpg,2.716667
CF189.jpg,3.116667
AM1686.jpg,3.583333
AM170.jpg,2.483333
AF31.jpg,3.183333
AF471.jpg,3.25
AM1118.jpg,2.316667
CM113.jpg,2.766667
AM615.jpg,2.466667
AM527.jpg,2.65
AF7.jpg,2.566667
CM675.jpg,3.733333
AF1047.jpg,3.65
CM480.jpg,2.883333
AM510.jpg,2.7
CF507.jpg,2.75
AM516.jpg,3.1
AF35.jpg,2.766667
AM1293.jpg,2.566667
AF326.jpg,2.833333
AM1141.jpg,3.283333
AM1109.jpg,2.15
AM1915.jpg,2.983333
AM402.jpg,2.6
AF611.jpg,2.766667
AM1507.jpg,2.533333
CM178.jpg,2.45
AM1065.jpg,2.133333
CM431.jpg,2.65
AF664.jpg,2.4
CF96.jpg,2.6
AM320.jpg,4.316667
CF436.jpg,3.166667
AF628.jpg,2.633333
AF252.jpg,2.783333
CM381.jpg,2.983333
AM1103.jpg,3.116667
AF214.jpg,2.683333
CF225.jpg,2.916667
AM1642.jpg,4.033333
AM773.jpg,2.45
CF224.jpg,2.866667
AM202.jpg,2.466667
AF390.jpg,2.683333
CF95.jpg,2.066667
AM204.jpg,2.1
AM436.jpg,3.166667
AF1918.jpg,2.983333
AM333.jpg,2.6
AM412.jpg,2.7
AM1238.jpg,2.8
AM1380.jpg,2.833333
AM1978.jpg,3.3
CM300.jpg,2.6
AM1089.jpg,1.966667
AM160.jpg,4.183333
AF1410.jpg,3.216667
AM950.jpg,2.55
AM549.jpg,1.933333
AF738.jpg,4.483333
AM441.jpg,2.066667
AF167.jpg,2.616667
AM544.jpg,3.066667
AF1.jpg,2.333333
AF298.jpg,2.383333
AM398.jpg,2.75
AM542.jpg,1.933333
AF681.jpg,2.733333
AM519.jpg,2.216667
CM269.jpg,2.5
CM291.jpg,2.316667
AM1134.jpg,2.8
CM638.jpg,4.333333
CM140.jpg,2.866667
AF101.jpg,2.35
AF913.jpg,2.8
AF1550.jpg,3.383333
CF283.jpg,2.816667
AF490.jpg,2.3
AF1228.jpg,3.333333
AF1508.jpg,3.916667
CM319.jpg,2.85
CF147.jpg,2.35
CF716.jpg,3.416667
AM863.jpg,3.533333
AF380.jpg,2.9
AF1490.jpg,3.65
AM328.jpg,2.716667
CF39.jpg,2.516667
CM26.jpg,2.283333
AF114.jpg,2.516667
AM1956.jpg,3.933333
AM580.jpg,2.2
AF479.jpg,2.55
CF166.jpg,2.433333
CM475.jpg,2.633333
AM1475.jpg,2.833333
AM571.jpg,2.433333
AF1520.jpg,3.233333
AF702.jpg,3.316667
AM260.jpg,2.75
AM973.jpg,2.85
AF1307.jpg,2.833333
AM919.jpg,2.583333
CM237.jpg,2.816667
AM1075.jpg,2.633333
AF1332.jpg,2.316667
AF1983.jpg,3.883333
AM1008.jpg,2.483333
CM338.jpg,2.35
AM1536.jpg,2.616667
CM488.jpg,2.783333
CF246.jpg,3.3
AM1139.jpg,2.35
AM646.jpg,2.166667
AM667.jpg,2.966667
CF412.jpg,2.183333
AF65.jpg,2.916667
AM535.jpg,2.2
CF100.jpg,2.133333
AF581.jpg,2.866667
AM1108.jpg,3.033333
AM1702.jpg,3.5
CF425.jpg,2.666667
AM1012.jpg,2.066667
AF1510.jpg,3.666667
CM697.jpg,4.016667
AM984.jpg,3.283333
CF591.jpg,4.216667
AF118.jpg,2.8
AF1857.jpg,4.233333
AF494.jpg,2.3
AF318.jpg,2.016667
AM837.jpg,2.8
AM332.jpg,2.666667
AF849.jpg,2.666667
AF769.jpg,2.583333
AF546.jpg,1.883333
AM974.jpg,2.483333
AF1571.jpg,3.7
AF970.jpg,2.533333
AM599.jpg,2.0
CF66.jpg,2.766667
AM774.jpg,2.766667
AM461.jpg,2.316667
AM94.jpg,3.3
CM701.jpg,4.016667
AM225.jpg,2.1
AF1102.jpg,3.833333
AM1964.jpg,4.4
AF765.jpg,2.633333
AM149.jpg,2.683333
CM541.jpg,2.566667
AF852.jpg,2.8
AM1036.jpg,1.983333
CF194.jpg,2.75
CM305.jpg,2.983333
CF335.jpg,3.333333
CM509.jpg,2.7
AF844.jpg,2.766667
AM1424.jpg,2.783333
AM1411.jpg,2.7
AF1006.jpg,3.45
AM355.jpg,2.65
CM81.jpg,2.733333
AM258.jpg,2.25
CM173.jpg,3.316667
CM214.jpg,2.85
CM553.jpg,2.7
AF293.jpg,2.566667
AF1509.jpg,1.7
CF343.jpg,2.933333
AF1206.jpg,3.283333
AM1942.jpg,3.366667
AF1730.jpg,4.066667
AF1641.jpg,1.166667
AM1782.jpg,3.0
CM252.jpg,3.083333
AM1570.jpg,4.133333
CM455.jpg,2.75
AM221.jpg,2.366667
CM246.jpg,3.183333
AM653.jpg,2.766667
AF1354.jpg,3.283333
AM1690.jpg,4.433333
CF575.jpg,3.666667
AF703.jpg,2.483333
AM849.jpg,2.416667
CF428.jpg,2.566667
AF1135.jpg,3.4
AM976.jpg,1.916667
AF1532.jpg,3.55
CM409.jpg,2.55
AM1709.jpg,2.616667
AF3.jpg,3.183333
AM1617.jpg,3.7
AM1894.jpg,4.433333
CM297.jpg,2.7
AF507.jpg,2.566667
AF837.jpg,2.316667
AF1770.jpg,4.116667
AF1615.jpg,3.366667
CM30.jpg,4.166667
AF1540.jpg,1.383333
AF1058.jpg,3.783333
AF263.jpg,3.2
AM193.jpg,4.383333
AM1636.jpg,4.3
AM1184.jpg,3.033333
AF1836.jpg,3.183333
CF735.jpg,4.216667
AM809.jpg,2.316667
AF792.jpg,2.9
AF1854.jpg,3.216667
AF517.jpg,2.283333
CM265.jpg,2.583333
AF1902.jpg,3.683333
AM191.jpg,1.816667
AM1440.jpg,2.366667
AM1164.jpg,2.716667
AM1085.jpg,2.783333
AF1588.jpg,3.933333
AF1776.jpg,3.233333
CF600.jpg,4.2
AM176.jpg,2.3
AF649.jpg,2.2
AF17.jpg,2.933333
AF1220.jpg,2.833333
AF802.jpg,2.783333
CF499.jpg,2.366667
AF1659.jpg,3.566667
AF1583.jpg,3.8
AM1186.jpg,2.383333
AM606.jpg,2.583333
AF1360.jpg,3.883333
AF1343.jpg,3.616667
CF142.jpg,2.366667
AM1966.jpg,3.783333
CM640.jpg,2.916667
AF663.jpg,2.95
CM536.jpg,2.233333
AF1771.jpg,1.666667
AM532.jpg,2.8
AM272.jpg,2.483333
CM68.jpg,3.183333
CF173.jpg,2.633333
AM1381.jpg,2.666667
AF1171.jpg,4.283333
CF212.jpg,2.4
AF1034.jpg,3.05
AM629.jpg,2.9
AM1841.jpg,2.4
AF749.jpg,2.566667
AM1466.jpg,4.016667
CF483.jpg,3.966667
AM775.jpg,2.616667
AF1766.jpg,4.066667
AM410.jpg,2.466667
CF623.jpg,4.266667
AM1474.jpg,2.35
CF41.jpg,2.183333
AF310.jpg,2.483333
AM1668.jpg,3.033333
CF537.jpg,3.433333
CM549.jpg,2.833333
AF1413.jpg,3.366667
AM873.jpg,2.35
AM1419.jpg,1.816667
AF643.jpg,2.2
CM647.jpg,4.466667
AM446.jpg,2.85
CM735.jpg,4.2
AF639.jpg,4.183333
AM704.jpg,2.483333
AF1164.jpg,2.916667
AM721.jpg,2.833333
AM1124.jpg,2.116667
AM1797.jpg,3.333333
AM1637.jpg,3.233333
CF481.jpg,2.416667
AF1815.jpg,3.05
AM1734.jpg,3.783333
AM1624.jpg,4.666667
AM213.jpg,2.766667
AF917.jpg,1.433333
AM1495.jpg,2.7
CF53.jpg,2.116667
AM1763.jpg,3.75
AM742.jpg,2.683333
CF15.jpg,3.933333
CF331.jpg,2.15
CF508.jpg,2.666667
CF395.jpg,2.883333
AF1565.jpg,3.3
AF165.jpg,2.6
AM1353.jpg,2.4
AF1988.jpg,1.966667
CF17.jpg,3.95
AM1450.jpg,2.666667
AF817.jpg,2.666667
AM70.jpg,1.85
AF508.jpg,2.216667
AM1402.jpg,3.15
CF721.jpg,3.933333
AM1270.jpg,2.35
AM803.jpg,2.766667
AF1452.jpg,3.016667
AM572.jpg,2.85
AF1716.jpg,3.45
AM1945.jpg,3.3
CM720.jpg,4.283333
AF1675.jpg,4.5
AF10.jpg,3.433333
AF620.jpg,2.5
AM1013.jpg,2.766667
AF728.jpg,1.616667
CF590.jpg,3.833333
AM1881.jpg,3.683333
CM548.jpg,2.55
AF920.jpg,2.6
AM1435.jpg,2.683333
CF638.jpg,3.75
AF128.jpg,2.866667
AF991.jpg,2.783333
CF698.jpg,3.85
AM158.jpg,2.583333
CF512.jpg,2.766667
AM253.jpg,3.25
CM171.jpg,2.35
CF220.jpg,3.116667
AM1407.jpg,2.483333
AM1873.jpg,2.9
CF380.jpg,2.7
AM1229.jpg,2.566667
AM1720.jpg,4.0
AF1799.jpg,3.85
AM109.jpg,3.333333
CF724.jpg,3.416667
AF924.jpg,3.116667
AM84.jpg,3.566667
CF12.jpg,4.083333
AM388.jpg,2.666667
AM1221.jpg,2.85
CF154.jpg,2.283333
AM1493.jpg,2.6
AM877.jpg,2.466667
AM1760.jpg,4.183333
CM80.jpg,2.4
AM699.jpg,3.033333
AF458.jpg,2.55
AF1942.jpg,2.466667
AM68.jpg,4.033333
AF1316.jpg,4.05
CM554.jpg,2.9
AM787.jpg,2.733333
CM64.jpg,2.483333
AF1619.jpg,1.633333
AM18.jpg,3.85
AF698.jpg,2.333333
AF22.jpg,2.416667
AF1125.jpg,2.75
AF1057.jpg,3.15
AM841.jpg,2.516667
AF625.jpg,3.1
CF468.jpg,2.65
AF1867.jpg,4.016667
CM523.jpg,2.816667
AM881.jpg,2.483333
AM945.jpg,2.183333
AM63.jpg,4.15
AM379.jpg,2.2
AF156.jpg,2.483333
CM327.jpg,2.633333
CM60.jpg,2.833333
AM1669.jpg,3.183333
CM51.jpg,2.483333
AF515.jpg,3.266667
AF1534.jpg,4.2
AM1405.jpg,2.6
CF262.jpg,2.816667
AM1984.jpg,4.183333
AM1115.jpg,2.583333
AM1736.jpg,3.966667
CF630.jpg,4.05
CF197.jpg,2.75
AM529.jpg,3.266667
AF1065.jpg,3.85
AF912.jpg,3.783333
AF1072.jpg,3.233333
AF700.jpg,1.85
CM1.jpg,3.116667
AM1815.jpg,2.533333
AF419.jpg,2.733333
AM1745.jpg,3.333333
AM54.jpg,2.866667
CM432.jpg,2.633333
AF76.jpg,2.9
AF381.jpg,2.866667
AM1191.jpg,2.533333
AF1631.jpg,1.116667
CF594.jpg,3.1
AM1487.jpg,2.45
CF451.jpg,2.833333
AF535.jpg,2.583333
CM241.jpg,2.933333
CF403.jpg,2.233333
AF673.jpg,3.083333
AM1526.jpg,2.916667
AF58.jpg,2.666667
CF643.jpg,2.966667
AF610.jpg,1.866667
AM478.jpg,2.533333
AF102.jpg,2.8
AF1487.jpg,3.183333
AF914.jpg,3.783333
AF78.jpg,2.65
CM202.jpg,2.916667
AF1734.jpg,3.833333
AF856.jpg,3.233333
AF563.jpg,3.083333
AF595.jpg,2.283333
AM82.jpg,2.916667
CM558.jpg,2.433333
AM1364.jpg,2.3
AF394.jpg,2.633333
AF1363.jpg,2.933333
AM859.jpg,2.866667
AF60.jpg,2.716667
AF985.jpg,1.6
CF479.jpg,2.7
AF1463.jpg,2.933333
AM1426.jpg,2.083333
AM555.jpg,2.1
AF701.jpg,3.066667
AM1142.jpg,2.266667
AF1630.jpg,2.766667
AM1309.jpg,2.7
AM680.jpg,2.433333
AM540.jpg,2.916667
AM243.jpg,2.6
AF359.jpg,2.083333
CF55.jpg,3.583333
CF413.jpg,2.75
AF1013.jpg,3.816667
AF616.jpg,2.016667
AM523.jpg,2.95
AF86.jpg,2.333333
CM102.jpg,2.866667
AF183.jpg,2.666667
AF1151.jpg,2.166667
AM611.jpg,2.95
AM509.jpg,2.833333
CM694.jpg,4.2
AF1357.jpg,4.283333
CM448.jpg,3.166667
CM5.jpg,2.666667
AM659.jpg,2.7
AM375.jpg,2.816667
AM112.jpg,4.133333
AM1904.jpg,1.633333
AF216.jpg,2.666667
AM979.jpg,2.3
AM1694.jpg,3.166667
AF756.jpg,1.316667
AF176.jpg,2.116667
CM458.jpg,2.566667
AM986.jpg,2.183333
AF1973.jpg,4.75
AM1502.jpg,2.666667
AF1218.jpg,3.35
AM276.jpg,2.583333
AM1552.jpg,2.583333
CF707.jpg,4.4
AF1154.jpg,4.1
AM682.jpg,2.6
CM565.jpg,2.183333
AF570.jpg,2.383333
AM451.jpg,2.666667
AM296.jpg,1.95
AF1952.jpg,3.033333
CF59.jpg,2.15
AF968.jpg,2.3
AF1542.jpg,2.316667
AM205.jpg,4.25
CM631.jpg,2.7
CM486.jpg,2.666667
AM1784.jpg,3.516667
AF502.jpg,2.616667
AM420.jpg,2.366667
AM1613.jpg,4.233333
CF290.jpg,2.75
AM1923.jpg,2.433333
AF1132.jpg,3.233333
AF1423.jpg,3.733333
AM1382.jpg,2.116667
AM855.jpg,2.8
AF1762.jpg,3.783333
AF484.jpg,3.616667
AM767.jpg,2.633333
AM171.jpg,2.816667
AF1577.jpg,3.4
AF173.jpg,2.316667
CM445.jpg,3.95
CM184.jpg,2.55
AF1502.jpg,3.683333
AM39.jpg,3.683333
AM1059.jpg,2.016667
CF186.jpg,2.4
AM1443.jpg,2.316667
AF1635.jpg,3.783333
AF113.jpg,3.366667
AF218.jpg,2.25
CM573.jpg,2.816667
AM1442.jpg,2.466667
AM1840.jpg,3.35
AM954.jpg,2.783333
AF1371.jpg,3.633333
CM557.jpg,2.616667
AM1928.jpg,3.416667
AF1042.jpg,3.116667
CM403.jpg,3.183333
AF120.jpg,2.366667
CF37.jpg,2.516667
AF1974.jpg,2.65
AM1865.jpg,3.2
AM71.jpg,3.566667
AM435.jpg,2.183333
AF1618.jpg,2.533333
AM1352.jpg,2.633333
AF408.jpg,3.1
AM1671.jpg,4.216667
AM931.jpg,2.75
CF556.jpg,4.566667
AF25.jpg,1.766667
AF1538.jpg,4.033333
AM36.jpg,4.366667
AM936.jpg,2.283333
AF55.jpg,2.25
AF428.jpg,2.766667
AF1117.jpg,1.966667
AM1320.jpg,2.25
AF300.jpg,4.183333
AM1847.jpg,3.7
CF415.jpg,2.683333
AF441.jpg,3.0
AM1921.jpg,2.85
AM1618.jpg,3.883333
CF314.jpg,1.916667
AF1397.jpg,3.583333
CM309.jpg,4.433333
AF806.jpg,2.2
AM1002.jpg,1.916667
AM1828.jpg,2.6
CM542.jpg,2.55
AM870.jpg,1.6
CM407.jpg,2.233333
AM275.jpg,2.55
AM183.jpg,2.966667
CF52.jpg,2.516667
AF1971.jpg,1.933333
CM611.jpg,2.916667
AM595.jpg,2.95
AF1024.jpg,3.366667
AM1997.jpg,4.433333
CM159.jpg,2.3
CF466.jpg,2.766667
AM627.jpg,2.616667
AF429.jpg,2.466667
AM937.jpg,2.716667
CM729.jpg,4.15
AM227.jpg,2.416667
AF1924.jpg,2.3
AF835.jpg,2.783333
AM124.jpg,4.45
AM1152.jpg,2.033333
AF944.jpg,4.0
AF68.jpg,2.766667
CM692.jpg,4.316667
AF1163.jpg,3.133333
AF269.jpg,3.666667
CM209.jpg,2.75
CF104.jpg,2.55
CM199.jpg,2.45
CM286.jpg,2.883333
AM647.jpg,2.783333
AM1576.jpg,4.316667
CF267.jpg,2.766667
CM608.jpg,3.333333
AM655.jpg,2.85
CF122.jpg,3.15
CM630.jpg,2.633333
AF54.jpg,2.216667
CF131.jpg,3.266667
AF182.jpg,2.316667
AF1666.jpg,3.466667
AM546.jpg,2.683333
AM993.jpg,2.283333
CF385.jpg,3.666667
AM1862.jpg,3.966667
AF1342.jpg,4.333333
CM23.jpg,4.033333
CM35.jpg,2.616667
AM1273.jpg,2.766667
CF673.jpg,4.183333
CM334.jpg,2.366667
CF11.jpg,4.366667
AM1842.jpg,3.783333
AF283.jpg,3.066667
AF1053.jpg,2.666667
AM1037.jpg,2.266667
AF893.jpg,2.8
AF1322.jpg,2.916667
AM346.jpg,2.583333
CM459.jpg,2.75
AM1588.jpg,3.916667
AF1599.jpg,3.466667
AF1536.jpg,3.7
CM579.jpg,2.733333
AF1514.jpg,4.033333
CM487.jpg,2.483333
AM1772.jpg,3.4
CM607.jpg,2.633333
AM285.jpg,2.883333
AF1753.jpg,3.266667
AF731.jpg,3.966667
CF23.jpg,4.166667
AF1691.jpg,3.3
AM620.jpg,2.75
AF1709.jpg,3.266667
AF62.jpg,2.633333
AM1714.jpg,3.166667
AM785.jpg,2.85
CF417.jpg,2.583333
AM1464.jpg,4.416667
AM1251.jpg,2.85
CM284.jpg,2.6
CM700.jpg,4.5
CM163.jpg,3.7
AM1794.jpg,2.6
AM1401.jpg,2.4
AM700.jpg,2.366667
CM545.jpg,2.333333
CM635.jpg,2.716667
AF1498.jpg,4.066667
AM1824.jpg,2.85
AF1526.jpg,4.2
AF1794.jpg,3.333333
AM1751.jpg,3.933333
AM1519.jpg,2.316667
AF1249.jpg,4.316667
CF670.jpg,4.516667
CM519.jpg,2.666667
CF661.jpg,4.2
CM289.jpg,2.716667
CM680.jpg,3.266667
CF549.jpg,4.416667
AF1744.jpg,3.016667
CF671.jpg,3.8
AM1596.jpg,3.933333
AM1492.jpg,2.783333
AF483.jpg,2.766667
AM1891.jpg,3.933333
CM497.jpg,3.1
AM804.jpg,2.816667
AF94.jpg,2.866667
CF34.jpg,4.433333
CF367.jpg,3.15
AM1350.jpg,2.316667
AF72.jpg,2.316667
AF50.jpg,2.583333
AM127.jpg,3.9
AF261.jpg,2.133333
AF1933.jpg,3.116667
CM600.jpg,2.5
CF110.jpg,2.65
AF947.jpg,3.35
CF421.jpg,3.183333
CF211.jpg,2.416667
AF1027.jpg,3.983333
CM639.jpg,4.183333
AF1665.jpg,3.616667
CM384.jpg,3.05
AF294.jpg,2.55
AF1838.jpg,3.516667
AF185.jpg,2.15
AF965.jpg,2.933333
AF1739.jpg,2.283333
AM922.jpg,2.633333
AF933.jpg,3.983333
AF1369.jpg,2.5
AF422.jpg,2.366667
AF1851.jpg,2.833333
AM1674.jpg,4.233333
AF1787.jpg,3.966667
AM906.jpg,2.733333
CF627.jpg,4.266667
AM581.jpg,3.066667
AF32.jpg,3.15
CF607.jpg,3.65
AM137.jpg,4.25
AF1160.jpg,3.683333
AF1445.jpg,3.9
AF147.jpg,2.35
AM1525.jpg,2.15
CM254.jpg,2.833333
AM605.jpg,2.383333
AM268.jpg,3.016667
CF337.jpg,2.616667
CF597.jpg,4.466667
AF1209.jpg,3.266667
AM26.jpg,1.966667
CF358.jpg,3.083333
CM197.jpg,2.383333
AM505.jpg,1.65
AF87.jpg,2.333333
AF1263.jpg,3.116667
CF152.jpg,2.15
AF1513.jpg,3.716667
CM588.jpg,2.483333
AF85.jpg,2.783333
CF442.jpg,2.55
AM687.jpg,2.616667
AM828.jpg,2.583333
AM1897.jpg,3.983333
CF437.jpg,2.883333
CF682.jpg,4.283333
AM1296.jpg,2.666667
AF1499.jpg,3.466667
CM226.jpg,2.35
AM1279.jpg,2.866667
CF727.jpg,4.566667
AF1133.jpg,3.233333
CF73.jpg,2.4
AF1792.jpg,3.883333
CM267.jpg,3.083333
AM1417.jpg,2.4
AF1461.jpg,3.316667
AM1024.jpg,3.15
CM55.jpg,4.55
AM1096.jpg,3.416667
AM688.jpg,1.933333
AF297.jpg,4.3
CM661.jpg,3.9
AM474.jpg,2.466667
AM459.jpg,2.55
AF324.jpg,2.833333
AM1500.jpg,2.6
CF397.jpg,2.85
AM1145.jpg,4.25
AF864.jpg,2.666667
CF79.jpg,2.75
AM1434.jpg,2.383333
AM994.jpg,2.716667
AM1211.jpg,2.1
AF680.jpg,2.116667
AF480.jpg,3.116667
AM1431.jpg,2.716667
CF452.jpg,3.016667
AF168.jpg,2.55
AM1486.jpg,2.583333
AF152.jpg,2.683333
AM222.jpg,1.85
CF190.jpg,2.416667
AF1804.jpg,3.65
CF487.jpg,2.133333
CM232.jpg,2.733333
AF1726.jpg,4.316667
CF44.jpg,2.633333
AM27.jpg,4.05
AM598.jpg,2.566667
CF205.jpg,2.516667
AF206.jpg,2.683333
AF499.jpg,3.083333
AF1754.jpg,3.9
AF1913.jpg,2.833333
CF656.jpg,3.45
CM207.jpg,2.3
CM572.jpg,3.583333
AM633.jpg,2.733333
AF1119.jpg,2.7
AF177.jpg,1.733333
AF21.jpg,2.516667
AM676.jpg,2.8
AF373.jpg,2.55
AF468.jpg,2.683333
AM1406.jpg,2.683333
AM1330.jpg,2.833333
AM462.jpg,2.45
CF83.jpg,2.9
AF1374.jpg,4.3
CF719.jpg,4.6
CF658.jpg,4.4
AF1266.jpg,3.816667
AF190.jpg,2.05
AF1404.jpg,2.85
CM164.jpg,2.883333
AF311.jpg,2.533333
AM1468.jpg,2.416667
AF1522.jpg,2.0
AF52.jpg,2.133333
AM283.jpg,2.733333
AM136.jpg,2.566667
AF424.jpg,2.6
CM25.jpg,2.95
CM616.jpg,3.183333
AM1161.jpg,2.65
CM57.jpg,2.983333
AM762.jpg,4.483333
AF757.jpg,1.433333
AM212.jpg,2.566667
CM530.jpg,3.133333
AM1094.jpg,2.75
AM1061.jpg,2.65
AM1577.jpg,2.65
AM1138.jpg,2.583333
AF1604.jpg,3.7
AM723.jpg,2.25
AM656.jpg,2.983333
AM161.jpg,2.433333
AM223.jpg,2.466667
AF1394.jpg,3.283333
AF977.jpg,3.583333
AF1702.jpg,2.316667
AF1847.jpg,3.4
AF1865.jpg,3.216667
CF359.jpg,2.766667
AM1156.jpg,3.1
CF199.jpg,2.516667
AM1713.jpg,3.05
AM609.jpg,2.433333
AM1392.jpg,2.433333
AM1305.jpg,2.75
AM1277.jpg,2.216667
AF1820.jpg,1.416667
CM42.jpg,4.483333
AM340.jpg,2.7
AM506.jpg,2.55
AF1259.jpg,2.666667
AM1688.jpg,4.083333
AM850.jpg,2.516667
AM947.jpg,2.016667
AF1222.jpg,3.7
CF440.jpg,3.116667
AF659.jpg,2.55
AF1111.jpg,2.383333
CM320.jpg,2.833333
AF1253.jpg,4.35
AF1969.jpg,3.1
AM1149.jpg,1.816667
AF775.jpg,2.483333
CF163.jpg,3.3
AM1974.jpg,3.616667
AM90.jpg,1.883333
CF310.jpg,2.65
AM1680.jpg,3.35
AF104.jpg,2.833333
AF331.jpg,2.083333
AF1825.jpg,4.016667
AF328.jpg,2.85
CF132.jpg,2.65
AM1993.jpg,2.916667
CM365.jpg,2.7
AM985.jpg,3.233333
AF405.jpg,2.8
AM242.jpg,2.116667
AF1672.jpg,3.2
AM100.jpg,2.016667
CF242.jpg,4.516667
AF1593.jpg,4.15
AF533.jpg,2.8
CF541.jpg,3.7
AF1648.jpg,3.2
AF882.jpg,4.133333
CF372.jpg,3.25
AF1803.jpg,3.516667
AF1375.jpg,3.383333
AM623.jpg,2.783333
CF454.jpg,2.383333
AF124.jpg,2.566667
CM512.jpg,2.633333
AM753.jpg,2.45
AF1591.jpg,3.7
CF606.jpg,3.916667
AF34.jpg,2.233333
AF105.jpg,4.033333
AM1571.jpg,3.666667
AF131.jpg,2.816667
AM1200.jpg,2.783333
AM1300.jpg,2.3
AF1763.jpg,3.8
AM1918.jpg,3.133333
AM854.jpg,2.5
CM195.jpg,2.283333
CF353.jpg,3.133333
CM516.jpg,2.866667
AM626.jpg,2.9
AM338.jpg,3.683333
AF1454.jpg,2.733333
AF201.jpg,2.95
CM33.jpg,2.883333
AF119.jpg,2.266667
AF1020.jpg,2.866667
AF1997.jpg,1.433333
AF1791.jpg,3.9
CF255.jpg,2.15
CM136.jpg,2.583333
CM743.jpg,4.016667
AM1837.jpg,4.65
AM1696.jpg,4.466667
AF462.jpg,2.65
AF1165.jpg,3.066667
AM1074.jpg,2.6
AF244.jpg,4.216667
AM491.jpg,2.4
AF959.jpg,3.35
AM920.jpg,2.233333
AM1132.jpg,1.966667
AM1902.jpg,3.466667
CM115.jpg,2.866667
AM624.jpg,2.3
AF1352.jpg,3.466667
AM1304.jpg,2.383333
CF532.jpg,3.033333
CF609.jpg,4.7
AM1.jpg,3.95
AM978.jpg,2.666667
AF1479.jpg,3.9
AM408.jpg,2.3
AF1995.jpg,1.316667
CM672.jpg,3.966667
AF148.jpg,1.916667
CM394.jpg,2.75
AF459.jpg,2.083333
AF926.jpg,3.933333
AM692.jpg,2.433333
AF1956.jpg,3.516667
CM418.jpg,2.333333
AM1975.jpg,4.45
AF1887.jpg,3.916667
AM1329.jpg,2.7
AM1176.jpg,1.95
CF263.jpg,2.15
CM714.jpg,4.083333
AF993.jpg,2.65
AF411.jpg,2.416667
AM792.jpg,2.1
AF63.jpg,1.783333
AF1349.jpg,2.383333
CF657.jpg,3.8
CF632.jpg,3.666667
AM1214.jpg,2.833333
AM1878.jpg,3.95
AF159.jpg,2.783333
AF1023.jpg,3.4
AF1424.jpg,2.983333
AM1090.jpg,2.166667
CM529.jpg,2.333333
CF99.jpg,3.983333
AF430.jpg,2.816667
AM836.jpg,2.816667
CF588.jpg,3.55
CM428.jpg,2.966667
AF1581.jpg,4.116667
AM1461.jpg,3.65
AF840.jpg,3.733333
CF560.jpg,3.283333
AF1432.jpg,3.216667
AF814.jpg,2.916667
AM1968.jpg,4.233333
AF1993.jpg,3.9
CM724.jpg,3.55
AM820.jpg,2.85
AF1833.jpg,3.55
AM147.jpg,3.816667
AM246.jpg,2.833333
AM830.jpg,2.483333
CF33.jpg,3.433333
CM427.jpg,1.716667
AF1954.jpg,2.783333
AM1630.jpg,4.083333
AF1751.jpg,3.65
AF140.jpg,2.016667
AF544.jpg,2.216667
AF1561.jpg,3.95
AM454.jpg,2.4
CF449.jpg,2.6
AM1373.jpg,2.066667
AF1576.jpg,3.35
AF732.jpg,2.733333
AM14.jpg,4.133333
AM1335.jpg,2.833333
AF1495.jpg,4.033333
AF1501.jpg,3.933333
AM766.jpg,2.6
AM1612.jpg,3.9
AM685.jpg,2.883333
AF1146.jpg,3.1
CM559.jpg,2.35
AM5.jpg,2.3
CF514.jpg,2.283333
CM200.jpg,3.566667
CM490.jpg,3.416667
AF187.jpg,3.116667
AF1073.jpg,2.666667
AF1115.jpg,4.016667
AF1256.jpg,2.35
CF601.jpg,3.516667
AM318.jpg,3.566667
AM1712.jpg,4.333333
CF636.jpg,4.316667
AM199.jpg,3.883333
AF440.jpg,2.583333
AM663.jpg,2.666667
AF1862.jpg,3.033333
AF436.jpg,2.05
AF273.jpg,2.533333
CF351.jpg,2.3
AM301.jpg,2.616667
AF15.jpg,2.8
AM989.jpg,2.516667
AF378.jpg,2.933333
AF1436.jpg,2.933333
AF1597.jpg,3.75
AM437.jpg,2.333333
CF165.jpg,1.916667
CM294.jpg,2.533333
AM1237.jpg,2.566667
AF299.jpg,2.25
AM369.jpg,2.8
AF1764.jpg,3.566667
AF630.jpg,3.783333
AM481.jpg,2.55
CM667.jpg,4.333333
AF545.jpg,3.883333
AM1605.jpg,4.55
AM1749.jpg,3.033333
AF16.jpg,2.1
CM322.jpg,3.016667
CF179.jpg,2.516667
CM186.jpg,4.116667
AF694.jpg,1.616667
CF386.jpg,3.066667
AM1337.jpg,2.533333
AF1737.jpg,3.716667
CF202.jpg,2.733333
AF886.jpg,2.25
CF342.jpg,3.05
CF182.jpg,2.666667
AM189.jpg,3.733333
AF1998.jpg,2.733333
AM563.jpg,2.883333
AM167.jpg,2.533333
CM107.jpg,3.083333
CM489.jpg,2.75
AF1710.jpg,3.716667
AF786.jpg,2.85
AM1836.jpg,4.066667
AM1509.jpg,1.85
AF1624.jpg,3.15
AF807.jpg,2.966667
AF1396.jpg,4.05
AF1372.jpg,3.133333
AF1966.jpg,3.8
AF685.jpg,4.366667
AF1095.jpg,2.666667
AM331.jpg,2.383333
AF609.jpg,2.466667
AM1848.jpg,2.366667
CM547.jpg,2.75
AF319.jpg,3.016667
AM1413.jpg,2.833333
AF1503.jpg,2.916667
AM425.jpg,2.7
CF219.jpg,2.15
CF680.jpg,3.916667
AM240.jpg,4.033333
CM299.jpg,2.8
AM1517.jpg,2.383333
CM390.jpg,3.116667
CF650.jpg,4.0
AF1321.jpg,1.816667
AF463.jpg,2.316667
CM727.jpg,4.1
AF1039.jpg,4.2
AF736.jpg,2.15
CF265.jpg,2.266667
CF525.jpg,2.133333
AF320.jpg,2.333333
AM1533.jpg,1.833333
AF1596.jpg,3.066667
CM117.jpg,2.55
CF701.jpg,4.0
AF988.jpg,2.433333
AF1417.jpg,3.75
AF417.jpg,2.933333
AF1747.jpg,3.6
AM1926.jpg,3.616667
CM467.jpg,3.283333
CF268.jpg,3.1
AF233.jpg,2.933333
AF1493.jpg,3.216667
AM32.jpg,3.683333
CM91.jpg,2.15
AF161.jpg,1.95
CF583.jpg,4.183333
AF1462.jpg,3.933333
AM499.jpg,1.866667
AF571.jpg,2.9
AM1949.jpg,3.416667
AM1035.jpg,2.066667
AF1745.jpg,2.966667
CM183.jpg,3.816667
AM151.jpg,4.033333
AF1245.jpg,2.833333
AF1238.jpg,3.2
AM1193.jpg,2.866667
AM1062.jpg,2.683333
AM697.jpg,2.966667
AM495.jpg,2.033333
AM982.jpg,2.683333
CF654.jpg,4.116667
AM860.jpg,2.833333
AF1472.jpg,3.8
AM1554.jpg,2.7
AM467.jpg,2.35
CM395.jpg,2.65
AF1516.jpg,3.466667
CF71.jpg,2.883333
AM1851.jpg,4.066667
CM645.jpg,3.633333
CF610.jpg,4.316667
AF1749.jpg,3.166667
AM565.jpg,2.35
AM1022.jpg,1.983333
AF1845.jpg,1.966667
CF366.jpg,2.716667
AF1822.jpg,4.183333
AM1887.jpg,4.333333
CF338.jpg,2.783333
AM643.jpg,2.95
CM575.jpg,2.666667
AM821.jpg,1.916667
CM391.jpg,2.65
AM1963.jpg,4.416667
CM392.jpg,2.7
CF745.jpg,3.45
AM537.jpg,2.65
AF366.jpg,2.766667
AF270.jpg,1.466667
AF919.jpg,2.65
AM413.jpg,3.25
CF506.jpg,3.083333
AM1927.jpg,3.833333
CF6.jpg,4.283333
AM1767.jpg,2.1
CF318.jpg,2.45
AF461.jpg,2.35
AF74.jpg,2.183333
AF229.jpg,2.933333
AF519.jpg,2.783333
AM1455.jpg,1.75
AF1661.jpg,3.683333
CM580.jpg,2.366667
AM427.jpg,2.65
AM368.jpg,2.483333
AM294.jpg,2.65
AM208.jpg,4.216667
AM905.jpg,2.883333
CM658.jpg,3.45
AF753.jpg,4.016667
AF1671.jpg,3.5
AF1348.jpg,3.916667
CM220.jpg,2.85
AM104.jpg,3.75
AF819.jpg,2.966667
CM633.jpg,2.466667
AF1681.jpg,2.716667
AF1028.jpg,2.133333
CF433.jpg,2.233333
AF827.jpg,2.933333
AF290.jpg,2.466667
AF1088.jpg,3.866667
AM306.jpg,3.066667
AF1732.jpg,4.2
AM1506.jpg,2.633333
AM1905.jpg,3.283333
AF412.jpg,3.066667
AF9.jpg,2.15
CF340.jpg,2.35
CF496.jpg,1.85
CF490.jpg,2.8
AF598.jpg,2.35
CM618.jpg,3.016667
AM502.jpg,2.633333
AF1868.jpg,3.5
CM281.jpg,3.133333
CM472.jpg,2.85
AF1211.jpg,4.166667
AF514.jpg,2.183333
AF1192.jpg,2.983333
AF1687.jpg,3.733333
AM1499.jpg,2.733333
AF395.jpg,4.033333
AF321.jpg,2.416667
AF1402.jpg,3.833333
AM80.jpg,3.3
CF687.jpg,4.166667
AF1781.jpg,3.55
AF954.jpg,4.0
AF555.jpg,2.783333
AM888.jpg,2.533333
CF401.jpg,2.683333
CM725.jpg,3.566667
AF194.jpg,2.783333
CF723.jpg,3.333333
AM1829.jpg,3.1
AF1830.jpg,4.066667
CF407.jpg,2.616667
AM798.jpg,3.066667
AF658.jpg,2.8
AF942.jpg,4.083333
AF1309.jpg,3.766667
CF438.jpg,2.216667
AF1717.jpg,3.883333
AM1269.jpg,2.3
AM914.jpg,2.483333
AF1680.jpg,3.683333
AM1263.jpg,2.466667
AF716.jpg,1.5
AM1206.jpg,2.266667
AF726.jpg,3.0
CF174.jpg,3.05
AF338.jpg,3.1
AM1675.jpg,4.116667
AF225.jpg,3.716667
AF1467.jpg,3.716667
AF1314.jpg,2.75
AM1418.jpg,2.5
CF615.jpg,3.883333
CF240.jpg,2.85
AF374.jpg,2.283333
CM702.jpg,3.383333
CM360.jpg,3.433333
AM60.jpg,3.3
AF1380.jpg,2.366667
AM1158.jpg,2.866667
AM1319.jpg,2.533333
AM1722.jpg,3.183333
CF300.jpg,2.216667
AM597.jpg,2.666667
AF1826.jpg,4.066667
AF633.jpg,3.6
CF192.jpg,3.05
CM447.jpg,2.683333
AF1894.jpg,4.416667
AF250.jpg,2.716667
AF1981.jpg,3.766667
AF1864.jpg,3.933333
AF1707.jpg,3.1
CM12.jpg,4.45
AM1771.jpg,3.533333
AM539.jpg,2.4
AM363.jpg,2.45
AF116.jpg,1.983333
CF27.jpg,4.5
AM1033.jpg,2.0
CM165.jpg,2.633333
AM292.jpg,2.55
CF527.jpg,2.75
AF237.jpg,2.9
AM543.jpg,2.75
AM1105.jpg,2.333333
CF51.jpg,2.483333
AM1743.jpg,3.283333
CM342.jpg,2.45
CF93.jpg,3.633333
CF22.jpg,3.666667
CF693.jpg,3.983333
CM362.jpg,2.6
AF1070.jpg,2.5
CM61.jpg,2.05
AM196.jpg,2.666667
CM49.jpg,2.466667
CM224.jpg,2.95
CF750.jpg,3.6
AM29.jpg,3.566667
CF32.jpg,1.983333
AM896.jpg,2.3
CF241.jpg,2.4
AF526.jpg,3.116667
AF576.jpg,2.55
AF890.jpg,3.3
AF197.jpg,1.95
AM179.jpg,2.433333
CM345.jpg,2.483333
CF519.jpg,2.633333
AM480.jpg,2.85
AM1027.jpg,2.283333
AF150.jpg,2.466667
CM689.jpg,4.433333
AF84.jpg,2.833333
AF1141.jpg,3.15
AM1092.jpg,3.45
AF588.jpg,3.016667
AM586.jpg,2.65
AF144.jpg,2.016667
AM1705.jpg,3.433333
AM1384.jpg,2.466667
AM207.jpg,2.416667
AM47.jpg,3.016667
CF726.jpg,3.65
AM1798.jpg,3.016667
AF393.jpg,2.766667
AF654.jpg,2.516667
AM1104.jpg,1.983333
CM22.jpg,4.166667
AM708.jpg,1.966667
CM750.jpg,3.216667
AF1032.jpg,3.316667
AF1277.jpg,3.716667
AM1302.jpg,2.416667
AF342.jpg,2.683333
CF261.jpg,3.0
AM616.jpg,3.016667
AM1050.jpg,3.033333
CF209.jpg,3.05
AM1879.jpg,3.766667
AF505.jpg,2.683333
CM464.jpg,2.1
CF208.jpg,2.616667
CM693.jpg,3.833333
AM457.jpg,2.6
AM50.jpg,3.45
CM307.jpg,2.433333
CM192.jpg,2.9
AM1893.jpg,4.033333
AM1939.jpg,3.8
CF369.jpg,2.55
AF82.jpg,2.5
CM2.jpg,3.7
AM1195.jpg,1.966667
AF1748.jpg,3.883333
AF869.jpg,3.916667
CF236.jpg,2.116667
AM760.jpg,2.316667
AF1821.jpg,3.483333
CF87.jpg,2.066667
CF420.jpg,3.7
AF1476.jpg,4.283333
CM369.jpg,2.983333
CM160.jpg,4.5
CM665.jpg,4.483333
AM1198.jpg,2.583333
CF223.jpg,2.483333
AM249.jpg,2.433333
AM233.jpg,2.8
CF402.jpg,2.266667
AM856.jpg,2.216667
CF647.jpg,4.166667
AM1732.jpg,3.966667
AM851.jpg,2.45
CM402.jpg,2.783333
AF1009.jpg,3.866667
AF1485.jpg,2.95
AM1932.jpg,3.0
AM689.jpg,2.9
CF562.jpg,4.0
AF1403.jpg,4.266667
AM1685.jpg,4.1
CM221.jpg,3.05
CF77.jpg,3.2
AF1091.jpg,2.916667
AM1123.jpg,2.15
AF693.jpg,2.783333
AF1257.jpg,4.2
AM769.jpg,2.883333
AM932.jpg,2.35
AF1831.jpg,2.866667
AF1632.jpg,3.433333
CM710.jpg,4.433333
AM1746.jpg,4.216667
CF644.jpg,3.9
AF1029.jpg,3.95
AF534.jpg,2.433333
AM1781.jpg,2.95
AF860.jpg,3.8
CF734.jpg,3.9
AM567.jpg,2.466667
CM469.jpg,2.883333
AM1048.jpg,2.533333
AM725.jpg,2.95
CF327.jpg,2.716667
AM1249.jpg,2.416667
AM330.jpg,2.783333
CM531.jpg,3.333333
AF296.jpg,2.816667
CM59.jpg,3.466667
AM827.jpg,2.8
AM1560.jpg,2.833333
AM1856.jpg,4.3
AF1901.jpg,4.15
AM352.jpg,2.933333
AF722.jpg,4.2
CM570.jpg,3.05
AM1573.jpg,2.916667
AF1877.jpg,4.05
AF377.jpg,2.116667
CM37.jpg,2.75
AF1379.jpg,2.733333
CM153.jpg,2.1
CM247.jpg,2.766667
AF29.jpg,3.05
AM732.jpg,2.183333
AF385.jpg,2.483333
AF1290.jpg,2.983333
AM270.jpg,2.733333
AF1103.jpg,3.05
AF1925.jpg,3.35
AM1516.jpg,2.183333
AM1580.jpg,4.05
CF229.jpg,2.666667
AF1381.jpg,3.633333
AF234.jpg,2.3
CF710.jpg,3.916667
AF528.jpg,2.916667
AF951.jpg,2.983333
AF1721.jpg,2.933333
AM1308.jpg,2.333333
CM368.jpg,2.866667
CF547.jpg,3.583333
AF423.jpg,2.95
AF1551.jpg,3.616667
AM1484.jpg,2.533333
CM287.jpg,3.016667
AM1456.jpg,2.85
AM1981.jpg,3.883333
CM97.jpg,3.05
AF932.jpg,3.133333
AF1758.jpg,2.883333
CF68.jpg,3.6
AF952.jpg,3.266667
AF1889.jpg,3.833333
CF64.jpg,3.166667
AF686.jpg,2.6
AM552.jpg,2.416667
AM907.jpg,2.783333
AM433.jpg,2.2
CF381.jpg,2.466667
AF1566.jpg,3.75
CF188.jpg,2.966667
CM314.jpg,2.6
AM1909.jpg,2.733333
CF552.jpg,4.3
AM622.jpg,1.75
CF135.jpg,2.016667
CF635.jpg,4.266667
CM372.jpg,2.616667
AF470.jpg,3.616667
AF347.jpg,2.716667
AM310.jpg,3.583333
AM737.jpg,2.916667
AM308.jpg,3.866667
AM602.jpg,2.733333
AF1897.jpg,3.95
CM525.jpg,2.866667
CM606.jpg,3.316667
AM1489.jpg,2.25
AM781.jpg,2.866667
CF57.jpg,3.65
AF1823.jpg,3.766667
AM1546.jpg,2.5
AF552.jpg,2.866667
AF1173.jpg,2.216667
CF441.jpg,2.55
CF611.jpg,4.316667
AF174.jpg,2.083333
AF466.jpg,2.95
CF418.jpg,2.583333
AM56.jpg,3.65
CM535.jpg,3.5
AF1694.jpg,3.65
CF446.jpg,2.333333
CM527.jpg,2.366667
AF1601.jpg,4.483333
CM705.jpg,4.15
AF617.jpg,2.483333
AF943.jpg,2.383333
AM1356.jpg,2.383333
AF98.jpg,2.0
AF644.jpg,2.6
CM196.jpg,2.966667
AF1155.jpg,2.766667
AM738.jpg,2.833333
AF1128.jpg,2.533333
AF1801.jpg,3.866667
AM1802.jpg,4.383333
AF1964.jpg,4.216667
CF116.jpg,2.883333
AM1579.jpg,4.283333
CM543.jpg,2.3
AF812.jpg,3.916667
AM1654.jpg,3.533333
CF486.jpg,2.633333
CM707.jpg,4.25
AM1225.jpg,2.383333
AF1828.jpg,4.083333
AM1190.jpg,3.05
AF1703.jpg,4.016667
AF650.jpg,2.45
AM999.jpg,2.366667
AM220.jpg,2.133333
AM164.jpg,2.0
CF493.jpg,2.733333
AF805.jpg,2.45
AM1386.jpg,3.266667
AF418.jpg,2.733333
AM1240.jpg,2.3
CM53.jpg,3.016667
AF853.jpg,2.516667
AF1688.jpg,4.266667
CM275.jpg,2.5
AM282.jpg,1.666667
AF289.jpg,2.266667
AM180.jpg,2.6
AM1361.jpg,2.35
AM1266.jpg,3.133333
AM735.jpg,1.783333
CM127.jpg,3.65
AF277.jpg,2.616667
AF344.jpg,2.533333
AF224.jpg,2.683333
CF709.jpg,3.866667
AF1573.jpg,3.583333
CF105.jpg,2.75
AF1578.jpg,2.766667
AF1564.jpg,3.983333
AM236.jpg,1.733333
AF579.jpg,2.516667
AM130.jpg,3.666667
CF659.jpg,4.45
CF86.jpg,2.666667
AF1441.jpg,2.95
AF1985.jpg,4.183333
CF296.jpg,3.166667
AF1271.jpg,3.333333
CF162.jpg,1.833333
CF737.jpg,3.9
AF88.jpg,2.4
CM449.jpg,2.983333
AM305.jpg,4.216667
AM471.jpg,2.416667
AF134.jpg,2.316667
AM1864.jpg,3.983333
AM113.jpg,3.3
CF294.jpg,2.666667
AM1213.jpg,2.216667
AF1334.jpg,3.766667
CM628.jpg,2.6
CF706.jpg,4.3
AF660.jpg,2.5
AM1264.jpg,3.0
AM1849.jpg,2.9
AF1915.jpg,3.466667
CF621.jpg,3.95
CF473.jpg,3.1
AM45.jpg,4.266667
AF1523.jpg,3.8
AM1656.jpg,3.633333
AF1302.jpg,3.633333
AM409.jpg,2.566667
AF1882.jpg,3.683333
CM357.jpg,2.8
CF563.jpg,4.15
AF824.jpg,2.283333
AF1765.jpg,4.0
AM1888.jpg,3.483333
AM770.jpg,2.166667
AF1928.jpg,2.966667
AF496.jpg,2.233333
AM1724.jpg,4.366667
AM1700.jpg,4.183333
AM1986.jpg,2.55
AM1534.jpg,2.416667
AM1232.jpg,2.45
CF297.jpg,2.433333
CF123.jpg,2.683333
CF665.jpg,3.583333
AM511.jpg,2.683333
AF638.jpg,2.4
AF1275.jpg,3.55
CM316.jpg,2.716667
CF187.jpg,2.3
AF1639.jpg,3.366667
AF1806.jpg,4.116667
AF652.jpg,2.633333
AM1023.jpg,2.483333
AM750.jpg,2.266667
AF709.jpg,2.816667
CM610.jpg,3.05
AM607.jpg,2.0
AM1069.jpg,2.233333
CF505.jpg,3.2
AF1521.jpg,3.65
AM1501.jpg,2.65
CM236.jpg,2.4
AF1326.jpg,3.566667
AF1505.jpg,3.033333
CF576.jpg,4.583333
CF718.jpg,3.95
AM1611.jpg,4.466667
AM168.jpg,2.6
CM737.jpg,4.0
AM55.jpg,3.9
CF593.jpg,3.8
CM133.jpg,2.833333
AF996.jpg,3.366667
AM329.jpg,2.566667
AF859.jpg,3.116667
CF589.jpg,4.316667
AM1947.jpg,2.9
CM48.jpg,2.15
AM311.jpg,2.366667
CM88.jpg,2.783333
AM858.jpg,2.833333
AF275.jpg,2.6
AM359.jpg,2.366667
AF1914.jpg,3.966667
CF581.jpg,4.45
AM217.jpg,3.883333
AM1421.jpg,2.85
AM1901.jpg,2.633333
AF718.jpg,2.65
CF484.jpg,2.9
AM733.jpg,2.833333
AM1241.jpg,2.3
AM1472.jpg,1.716667
AM65.jpg,3.083333
CF258.jpg,3.15
AF427.jpg,2.333333
CM279.jpg,2.4
AF146.jpg,2.916667
AM566.jpg,2.15
AF91.jpg,2.783333
CM532.jpg,2.516667
AM41.jpg,4.266667
AM780.jpg,2.8
AF1607.jpg,3.433333
AF1193.jpg,2.3
CF668.jpg,4.6
AF1289.jpg,2.716667
AF1384.jpg,3.966667
AF1239.jpg,3.566667
AM1078.jpg,2.45
AM1081.jpg,2.166667
AM1388.jpg,2.733333
CM20.jpg,3.966667
AF1299.jpg,3.716667
CM126.jpg,2.883333
AM1971.jpg,4.066667
AF28.jpg,2.266667
AM380.jpg,2.6
CF738.jpg,4.0
AM1733.jpg,3.966667
AM58.jpg,2.433333
AF758.jpg,3.733333
AF567.jpg,3.5
AF1809.jpg,2.866667
CF616.jpg,3.933333
AF333.jpg,2.6
AM761.jpg,2.933333
AF1389.jpg,3.683333
AF661.jpg,2.383333
AM1931.jpg,3.833333
AM341.jpg,2.25
AM1447.jpg,2.75
CM156.jpg,2.366667
AM983.jpg,2.633333
AM354.jpg,2.616667
CF416.jpg,2.416667
AF762.jpg,4.033333
CM370.jpg,2.45
AF1439.jpg,3.85
AF911.jpg,2.066667
AF1989.jpg,3.5
AM702.jpg,2.6
AM214.jpg,2.466667
AM990.jpg,2.716667
AM977.jpg,1.833333
CM731.jpg,3.983333
AF986.jpg,2.183333
AF1903.jpg,4.066667
AF1450.jpg,2.766667
AF772.jpg,4.133333
AM1662.jpg,4.283333
AM908.jpg,2.366667
AF1674.jpg,4.066667
CF312.jpg,2.633333
AF941.jpg,1.533333
AM1843.jpg,3.466667
AM807.jpg,2.283333
AF997.jpg,3.733333
AF1837.jpg,4.466667
AF671.jpg,2.6
AM209.jpg,3.716667
AF192.jpg,2.166667
AM868.jpg,1.816667
AM951.jpg,2.2
CF730.jpg,3.716667
CM311.jpg,2.5
AM197.jpg,2.466667
CF276.jpg,2.716667
CM194.jpg,2.116667
CF115.jpg,2.733333
CM217.jpg,2.816667
CM591.jpg,2.966667
AM1328.jpg,2.4
AM1703.jpg,3.533333
AM1488.jpg,2.783333
AM788.jpg,2.683333
AM307.jpg,4.2
AF903.jpg,3.066667
AM1695.jpg,3.066667
AM1283.jpg,2.983333
AM1034.jpg,2.233333
AF618.jpg,3.0
AF1411.jpg,3.133333
AF811.jpg,2.416667
AM1362.jpg,2.616667
CM213.jpg,3.05
AF826.jpg,2.8
CM387.jpg,2.6
AM628.jpg,2.666667
AF565.jpg,4.05
CM13.jpg,4.15
CM235.jpg,2.55
AM1168.jpg,2.0
AM1707.jpg,3.533333
CM513.jpg,2.366667
AM1102.jpg,2.433333
AF284.jpg,3.116667
AM880.jpg,2.666667
CM343.jpg,2.616667
AF1339.jpg,3.333333
CM406.jpg,3.016667
CM110.jpg,3.4
CM263.jpg,3.066667
AF1005.jpg,2.216667
AM444.jpg,2.55
AM1313.jpg,2.6
AF402.jpg,3.466667
AM1564.jpg,4.0
AF1144.jpg,2.716667
AM1948.jpg,3.383333
CM660.jpg,3.383333
CM249.jpg,2.583333
AM1910.jpg,3.466667
AF387.jpg,2.283333
AF1908.jpg,4.033333
AM1348.jpg,2.35
AF910.jpg,3.216667
AF1883.jpg,3.133333
AM644.jpg,2.8
AF935.jpg,2.9
AM533.jpg,2.9
CF548.jpg,4.416667
AM1567.jpg,4.233333
AM754.jpg,2.65
AM1177.jpg,2.0
AF154.jpg,3.0
AM1375.jpg,2.883333
AM1333.jpg,2.55
AF122.jpg,2.266667
CM340.jpg,2.283333
AF1090.jpg,3.966667
CF564.jpg,3.866667
AM323.jpg,2.533333
AM1032.jpg,1.716667
CM684.jpg,3.116667
AM591.jpg,2.766667
AM336.jpg,2.65
AM634.jpg,2.1
CM41.jpg,4.283333
AF503.jpg,4.35
AF1572.jpg,4.3
AM1410.jpg,2.566667
AM1857.jpg,3.766667
CF399.jpg,3.05
AF280.jpg,2.583333
AF1733.jpg,4.0
AM1408.jpg,2.533333
AM1258.jpg,2.7
CF612.jpg,4.066667
AF1640.jpg,3.866667
AF931.jpg,2.666667
CM664.jpg,3.8
AF1124.jpg,3.55
AF1118.jpg,1.833333
CM437.jpg,2.6
AF1824.jpg,1.983333
AF1673.jpg,3.95
AF325.jpg,2.533333
CF457.jpg,2.566667
AM1366.jpg,2.8
AM111.jpg,1.25
CM85.jpg,2.6
AM1439.jpg,2.516667
CM339.jpg,2.566667
AF834.jpg,2.616667
AM154.jpg,4.1
AM1011.jpg,2.75
AF960.jpg,2.416667
AF196.jpg,2.95
CM416.jpg,2.633333
AF343.jpg,2.9
CM67.jpg,2.683333
AM1397.jpg,2.85
AM941.jpg,2.4
CF98.jpg,2.65
AF675.jpg,4.016667
AM1458.jpg,1.666667
AM1569.jpg,3.466667
AF1875.jpg,2.233333
AM262.jpg,3.183333
AF594.jpg,2.466667
AM1621.jpg,2.383333
AF918.jpg,2.283333
AM1496.jpg,2.35
AM729.jpg,2.516667
AM536.jpg,1.966667
CF119.jpg,2.55
AF75.jpg,2.3
AM1285.jpg,2.166667
AF929.jpg,3.8
CM150.jpg,2.933333
AM1898.jpg,2.516667
AM963.jpg,3.1
AM671.jpg,2.15
AF1137.jpg,2.7
AM1420.jpg,2.85
CM329.jpg,2.466667
AM904.jpg,2.55
AF1759.jpg,3.983333
CF410.jpg,2.8
AM1643.jpg,3.833333
AF1344.jpg,3.716667
AF1752.jpg,4.1
AF1715.jpg,2.583333
AF606.jpg,2.983333
AM631.jpg,2.916667
AF132.jpg,2.233333
AF1351.jpg,2.45
AF915.jpg,3.166667
AM879.jpg,2.816667
AM206.jpg,2.45
AF1768.jpg,1.666667
CM36.jpg,2.483333
AF572.jpg,3.333333
AF530.jpg,2.833333
AF439.jpg,2.783333
AM218.jpg,4.016667
CF599.jpg,3.866667
AM1446.jpg,2.733333
AM1453.jpg,2.083333
AF854.jpg,2.8
AF453.jpg,4.1
AM1740.jpg,4.1
AM632.jpg,2.766667
AM1379.jpg,2.466667
AF498.jpg,2.65
AM1820.jpg,2.2
AM1344.jpg,2.7
AF1066.jpg,1.683333
AM934.jpg,2.016667
CF127.jpg,2.8
CF492.jpg,2.3
CM10.jpg,3.633333
AM1796.jpg,3.95
AM121.jpg,2.55
AF1546.jpg,3.966667
CM73.jpg,3.733333
AM1043.jpg,3.733333
AF842.jpg,2.683333
AM287.jpg,2.433333
CM595.jpg,2.916667
AF1922.jpg,3.383333
AF1483.jpg,2.516667
AF363.jpg,2.033333
CF648.jpg,4.65
AF1525.jpg,3.75
AM1764.jpg,3.416667
CF747.jpg,3.233333
CM466.jpg,2.633333
AF697.jpg,3.416667
AF549.jpg,2.183333
AF392.jpg,2.983333
AM971.jpg,2.0
CM446.jpg,2.333333
AM1632.jpg,3.95
AM674.jpg,2.433333
AF1936.jpg,3.483333
AF773.jpg,2.516667
AF1782.jpg,3.25
AM1520.jpg,2.666667
CM733.jpg,3.433333
AF1170.jpg,4.283333
CF450.jpg,3.0
AF1760.jpg,2.283333
AM815.jpg,2.433333
AF1743.jpg,2.616667
AM588.jpg,2.433333
AM1710.jpg,4.066667
AM518.jpg,2.016667
AM1604.jpg,3.966667
AM1223.jpg,2.633333
AM116.jpg,3.916667
AF1996.jpg,1.6
AF855.jpg,4.1
AF1605.jpg,3.466667
AF735.jpg,2.5
AM695.jpg,2.683333
AF1679.jpg,2.983333
AM1236.jpg,2.166667
CF664.jpg,3.416667
AF536.jpg,1.85
CM38.jpg,3.6
CF705.jpg,3.566667
AM903.jpg,2.366667
CF464.jpg,2.116667
AF504.jpg,2.283333
AF421.jpg,2.55
AM416.jpg,2.75
AF172.jpg,2.383333
AM1585.jpg,3.983333
AF80.jpg,2.866667
AM1322.jpg,2.2
CM18.jpg,2.583333
CM225.jpg,3.033333
AF1157.jpg,3.016667
AM1646.jpg,3.983333
CM134.jpg,2.933333
AF1527.jpg,3.833333
AM600.jpg,2.4
AM1925.jpg,3.516667
AM584.jpg,1.966667
AF1725.jpg,3.366667
CM95.jpg,2.133333
AM1399.jpg,2.766667
CF4.jpg,4.066667
AM1042.jpg,2.666667
CF354.jpg,2.45
CM82.jpg,2.65
CM210.jpg,2.533333
CM52.jpg,2.983333
AF1488.jpg,3.85
AM200.jpg,2.333333
AF210.jpg,2.116667
AF330.jpg,3.25
AM1471.jpg,2.3
AM1369.jpg,2.583333
AM889.jpg,2.1
AM1774.jpg,3.75
AM895.jpg,2.616667
AF843.jpg,2.416667
AF1310.jpg,2.25
AF1393.jpg,3.566667
AF1184.jpg,2.333333
AF1382.jpg,4.05
AF678.jpg,3.833333
AF1731.jpg,3.45
AM1056.jpg,2.683333
AF1778.jpg,2.083333
AF635.jpg,2.9
AM734.jpg,2.3
AM468.jpg,2.133333
AF367.jpg,2.6
CM718.jpg,4.0
AM651.jpg,2.85
AF1430.jpg,3.883333
AF375.jpg,2.283333
AM152.jpg,4.316667
AM488.jpg,2.066667
CM90.jpg,2.683333
AM1265.jpg,2.083333
AM1819.jpg,3.35
AF784.jpg,3.4
AM229.jpg,2.616667
CM190.jpg,2.25
AM1884.jpg,3.783333
CF121.jpg,2.066667
CM465.jpg,2.9
AM370.jpg,2.583333
AM1791.jpg,2.25
AM1150.jpg,2.2
AF1142.jpg,2.666667
CF156.jpg,2.983333
AF1696.jpg,4.0
AF946.jpg,3.516667
AM748.jpg,2.95
AM96.jpg,2.316667
AF1025.jpg,1.866667
AF1278.jpg,3.566667
AF651.jpg,2.65
AF301.jpg,2.516667
CM211.jpg,2.733333
CF272.jpg,2.983333
CF692.jpg,4.316667
AM1665.jpg,2.933333
AF537.jpg,2.483333
AM1741.jpg,3.766667
AM1874.jpg,2.366667
AM1228.jpg,2.366667
AM719.jpg,2.966667
CF592.jpg,3.666667
AM871.jpg,2.3
AF1333.jpg,4.383333
AM512.jpg,2.333333
AF1713.jpg,3.8
AM1483.jpg,2.75
CM278.jpg,3.716667
CF572.jpg,3.633333
CM304.jpg,2.783333
AM1451.jpg,2.383333
AF386.jpg,3.0
AM443.jpg,2.083333
AF560.jpg,2.283333
AF438.jpg,2.7
AF804.jpg,2.833333
AM325.jpg,3.65
CM695.jpg,2.916667
AM660.jpg,1.883333
AM1584.jpg,2.333333
CF404.jpg,2.233333
AF1858.jpg,3.383333
AF1884.jpg,2.733333
AM1239.jpg,2.633333
AM498.jpg,2.633333
AF1819.jpg,2.883333
AF881.jpg,4.016667
AM894.jpg,2.716667
AM1810.jpg,2.55
AF1617.jpg,3.616667
CF722.jpg,3.5
AF679.jpg,2.683333
AF1529.jpg,3.733333
AF1422.jpg,3.966667
AM517.jpg,2.75
AF1552.jpg,3.5
AM883.jpg,2.283333
AM450.jpg,2.1
AF1183.jpg,3.616667
CM721.jpg,4.033333
CM84.jpg,2.7
AM1529.jpg,3.166667
AF485.jpg,2.55
AM373.jpg,2.416667
AM473.jpg,1.916667
AF1626.jpg,3.066667
AM790.jpg,2.266667
AF1940.jpg,2.65
CF596.jpg,4.333333
CF168.jpg,2.9
AM630.jpg,3.05
AF632.jpg,2.2
AM1131.jpg,2.35
CM176.jpg,2.5
CF264.jpg,2.533333
CM686.jpg,2.9
AF314.jpg,1.733333
AM391.jpg,2.916667
AF1931.jpg,1.866667
AM456.jpg,3.116667
AM585.jpg,2.7
CF323.jpg,2.666667
AM88.jpg,3.6
AF733.jpg,2.6
CM308.jpg,2.666667
AF980.jpg,3.933333
AF265.jpg,1.85
AF1912.jpg,4.033333
AM239.jpg,2.333333
CM744.jpg,3.766667
CF221.jpg,2.616667
CM264.jpg,2.533333
CF78.jpg,2.266667
AM434.jpg,3.083333
AF1378.jpg,2.7
AF1434.jpg,3.616667
CF201.jpg,3.0
CM187.jpg,4.133333
CM704.jpg,2.8
AF469.jpg,2.883333
CF321.jpg,1.933333
AM390.jpg,4.683333
AM575.jpg,2.9
AF1444.jpg,4.116667
AM1809.jpg,3.083333
AM726.jpg,2.833333
AF1131.jpg,3.066667
CF50.jpg,4.45
CF455.jpg,4.016667
AM962.jpg,2.716667
AF1959.jpg,1.033333
CM251.jpg,3.7
AF121.jpg,2.383333
AF838.jpg,4.216667
CF503.jpg,2.766667
CF107.jpg,3.816667
AF1188.jpg,2.516667
AF106.jpg,3.033333
AM964.jpg,2.266667
AF1701.jpg,3.333333
AF279.jpg,3.083333
CM193.jpg,2.783333
CM9.jpg,3.95
AF715.jpg,4.433333
AF203.jpg,3.833333
AM1359.jpg,2.4
AF874.jpg,2.766667
AF927.jpg,3.166667
CF352.jpg,2.1
AF978.jpg,2.05
AM123.jpg,4.383333
CF198.jpg,2.35
AM395.jpg,2.466667
CF633.jpg,3.983333
AM1268.jpg,2.45
AF1026.jpg,3.65
CF378.jpg,2.15
AM1185.jpg,2.833333
CF368.jpg,2.683333
AM1593.jpg,3.433333
CF540.jpg,3.55
AM1254.jpg,2.466667
AF1610.jpg,4.2
AM290.jpg,2.2
CF702.jpg,4.516667
CF54.jpg,2.45
CF715.jpg,3.55
AF1338.jpg,2.916667
AM918.jpg,2.416667
AF1213.jpg,3.433333
CM533.jpg,2.633333
AM1031.jpg,2.05
AM709.jpg,2.8
AF90.jpg,1.783333
AF1150.jpg,2.9
AM658.jpg,2.55
CF504.jpg,2.483333
CF191.jpg,2.25
AF184.jpg,3.2
AM1673.jpg,3.616667
AF20.jpg,2.733333
CM421.jpg,2.733333
AM959.jpg,2.083333
CM741.jpg,3.033333
AF1045.jpg,3.816667
AM1558.jpg,1.916667
AM764.jpg,3.083333
AF175.jpg,3.0
CM511.jpg,2.6
AF695.jpg,4.516667
AF48.jpg,2.3
AM915.jpg,2.666667
AM1863.jpg,3.833333
AF1533.jpg,4.116667
AF227.jpg,2.566667
AM1414.jpg,2.65
AF742.jpg,2.616667
AF1690.jpg,3.683333
AF1585.jpg,3.75
AF1895.jpg,3.8
AF603.jpg,4.316667
AF36.jpg,2.483333
AF539.jpg,3.933333
CM318.jpg,2.866667
AF556.jpg,2.583333
AF794.jpg,3.233333
AM885.jpg,2.383333
AF416.jpg,2.533333
CM170.jpg,2.666667
CF554.jpg,4.133333
AM621.jpg,2.95
AF1000.jpg,3.966667
AM487.jpg,2.183333
AM215.jpg,2.216667
AF1861.jpg,3.883333
CF663.jpg,3.683333
AF1241.jpg,3.933333
AM1670.jpg,2.866667
AF1517.jpg,3.433333
AF288.jpg,2.5
CF274.jpg,2.583333
CM685.jpg,3.25
CM671.jpg,4.433333
AF1843.jpg,3.5
AF777.jpg,2.25
CM86.jpg,2.916667
CM430.jpg,2.483333
AM677.jpg,2.6
AF1187.jpg,3.8
AF1470.jpg,3.216667
AF379.jpg,2.5
AM424.jpg,2.916667
CF704.jpg,4.383333
AM313.jpg,2.416667
CM477.jpg,2.8
CM180.jpg,3.05
CF251.jpg,1.733333
CM69.jpg,2.75
AM357.jpg,4.166667
AM1860.jpg,2.333333
AM892.jpg,2.35
CM325.jpg,2.716667
CM590.jpg,4.033333
CF744.jpg,4.283333
CM233.jpg,2.966667
AM520.jpg,2.75
AM126.jpg,1.766667
AM475.jpg,2.666667
AF829.jpg,2.2
AM556.jpg,2.9
CM460.jpg,3.4
AF1926.jpg,3.6
AM1423.jpg,2.316667
CF569.jpg,3.933333
AF1465.jpg,4.033333
AF1287.jpg,3.3
CM271.jpg,2.666667
AM449.jpg,2.366667
AM1775.jpg,4.45
CF245.jpg,2.066667
CM65.jpg,3.633333
AF497.jpg,2.05
AF1336.jpg,3.783333
AF887.jpg,2.016667
CM506.jpg,3.733333
AF1537.jpg,3.633333
AF1802.jpg,3.85
AF353.jpg,2.383333
AF587.jpg,1.766667
CM654.jpg,3.616667
AM248.jpg,4.133333
AM579.jpg,2.633333
AF582.jpg,3.833333
AF107.jpg,1.883333
AF923.jpg,2.766667
AM1477.jpg,2.5
AF1098.jpg,1.55
AF1773.jpg,2.566667
AM559.jpg,2.616667
AM1332.jpg,2.433333
CF426.jpg,2.933333
AM1868.jpg,4.233333
AF1252.jpg,3.383333
AM300.jpg,2.433333
CM515.jpg,2.616667
AF1797.jpg,3.166667
AM1853.jpg,3.75
CF469.jpg,2.266667
CF462.jpg,2.416667
AF1584.jpg,3.833333
AM1989.jpg,4.416667
CF16.jpg,3.65
CF150.jpg,3.6
AM317.jpg,2.55
AM1192.jpg,2.883333
AF1850.jpg,3.8
AF1015.jpg,3.683333
AM396.jpg,2.583333
AM1542.jpg,2.85
AM1672.jpg,2.966667
CM625.jpg,2.983333
AF1265.jpg,4.383333
CM419.jpg,2.483333
AM1555.jpg,2.866667
AF1788.jpg,4.083333
AF1504.jpg,3.333333
AF1750.jpg,1.783333
AM1095.jpg,4.15
AF425.jpg,2.466667
AM1990.jpg,3.783333
CM656.jpg,4.283333
AF1176.jpg,2.366667
AM1314.jpg,2.6
AM1391.jpg,2.45
AM1307.jpg,2.6
AF740.jpg,2.6
CF465.jpg,2.916667
AM797.jpg,2.6
AM174.jpg,2.916667
AM1858.jpg,3.833333
AM298.jpg,1.95
CM74.jpg,3.083333
CM748.jpg,3.716667
AF346.jpg,2.4
CM400.jpg,2.433333
AF1046.jpg,2.283333
AM576.jpg,2.4
AF1910.jpg,3.65
AM949.jpg,2.9
AM1120.jpg,2.516667
AM93.jpg,2.133333
AM1574.jpg,3.383333
AM1972.jpg,4.15
AM650.jpg,2.65
AM378.jpg,2.5
CM303.jpg,2.616667
CM280.jpg,2.95
AF1695.jpg,4.316667
AM1748.jpg,2.883333
AM77.jpg,4.2
AF1580.jpg,3.466667
CM462.jpg,3.016667
AF1979.jpg,2.566667
AM76.jpg,3.35
CF697.jpg,3.383333
AM1259.jpg,2.75
AM1651.jpg,3.783333
AM746.jpg,2.75
AF1657.jpg,3.316667
CM619.jpg,2.533333
CF326.jpg,3.116667
AF711.jpg,2.666667
AM1917.jpg,2.466667
CM238.jpg,3.116667
AM1976.jpg,3.25
CM337.jpg,3.183333
AF1720.jpg,3.566667
AM131.jpg,4.283333
AF1031.jpg,4.033333
AM30.jpg,4.1
CM652.jpg,3.516667
AF669.jpg,3.183333
AF465.jpg,2.383333
AM1991.jpg,3.683333
CM592.jpg,3.233333
CF364.jpg,2.933333
AF11.jpg,2.316667
AM119.jpg,3.833333
AF998.jpg,3.35
AF351.jpg,2.533333
CM274.jpg,2.416667
CF228.jpg,2.75
CM728.jpg,4.316667
AF1120.jpg,2.9
AM594.jpg,2.216667
AF1108.jpg,1.866667
AM1383.jpg,2.35
AF1621.jpg,3.55
AM1967.jpg,3.466667
AM1007.jpg,2.316667
AM2.jpg,3.6
CF250.jpg,2.6
AF626.jpg,2.6
CF429.jpg,2.716667
AM1980.jpg,3.516667
AF1582.jpg,4.216667
AF696.jpg,2.316667
AM1548.jpg,2.383333
CF459.jpg,2.616667
AF1592.jpg,4.466667
AF1531.jpg,3.233333
AF938.jpg,3.616667
CM602.jpg,3.366667
CM103.jpg,3.2
AM381.jpg,3.066667
CM282.jpg,2.516667
AF1291.jpg,4.4
AM271.jpg,1.933333
CF172.jpg,3.2
AF1315.jpg,2.8
CM556.jpg,2.616667
AM1101.jpg,2.383333
CM185.jpg,2.716667
AF368.jpg,2.6
AF99.jpg,2.533333
AM397.jpg,2.216667
AF1201.jpg,3.283333
AM757.jpg,3.016667
AM1082.jpg,2.133333
AF684.jpg,2.85
AF608.jpg,2.316667
CM408.jpg,2.916667
AM1859.jpg,2.933333
AM21.jpg,4.05
AM372.jpg,2.133333
AM960.jpg,2.716667
AM1151.jpg,2.566667
AF1535.jpg,3.233333
CF408.jpg,3.1
AF1407.jpg,3.25
CF394.jpg,2.85
AM808.jpg,2.366667
CF444.jpg,2.266667
AM144.jpg,3.216667
AF1991.jpg,2.016667
CM740.jpg,3.933333
AM1457.jpg,2.55
AF1435.jpg,2.7
AM1153.jpg,2.35
CF678.jpg,3.9
AM568.jpg,2.35
CM746.jpg,4.316667
AF1162.jpg,4.1
AF662.jpg,2.933333
AF577.jpg,2.916667
AM16.jpg,3.916667
AM1715.jpg,3.15
CF249.jpg,2.8
AM291.jpg,2.583333
AF1643.jpg,3.616667
AM1723.jpg,4.283333
AM1222.jpg,2.816667
AM794.jpg,2.55
CM44.jpg,3.233333
CM646.jpg,4.016667
AM1638.jpg,4.2
AF1492.jpg,3.516667
AM344.jpg,2.133333
CF725.jpg,3.95
AF23.jpg,3.3
AM1995.jpg,4.133333
AF561.jpg,4.066667
AF382.jpg,2.116667
CF279.jpg,3.85
AF295.jpg,2.133333
AF1093.jpg,3.633333
AF737.jpg,2.666667
CF157.jpg,2.866667
AM404.jpg,2.633333
AM1315.jpg,2.433333
AF1570.jpg,2.5
AF902.jpg,3.483333
AF1008.jpg,2.783333
AM1014.jpg,1.866667
AM1892.jpg,4.133333
CF235.jpg,2.9
AF309.jpg,3.183333
AM768.jpg,2.916667
AM278.jpg,2.516667
AF976.jpg,4.316667
AF1656.jpg,4.05
AF532.jpg,2.15
CF370.jpg,3.35
AM1281.jpg,2.466667
AM1070.jpg,2.633333
AM872.jpg,2.1
AF1594.jpg,3.816667
AM1539.jpg,2.483333
CM584.jpg,2.45
AM636.jpg,1.883333
AF808.jpg,2.1
CF204.jpg,3.15
AM1135.jpg,2.3
AM1136.jpg,2.516667
CF226.jpg,2.633333
AF541.jpg,2.65
CF234.jpg,2.333333
AM930.jpg,2.483333
CM413.jpg,2.966667
CM204.jpg,2.9
CF653.jpg,4.416667
AM777.jpg,2.516667
AF426.jpg,2.366667
AF1272.jpg,3.9
AF796.jpg,2.566667
AM1247.jpg,2.1
CF526.jpg,3.166667
AM1246.jpg,2.566667
AF186.jpg,2.183333
AF413.jpg,1.833333
CF571.jpg,3.633333
AM1628.jpg,3.866667
AM403.jpg,2.8
CM137.jpg,2.45
AM1818.jpg,1.75
AF934.jpg,3.866667
AM98.jpg,3.116667
AF40.jpg,2.583333
AM1870.jpg,2.566667
AM1219.jpg,3.15
CM621.jpg,2.983333
AF1221.jpg,4.2
AF1122.jpg,3.6
CF171.jpg,2.45
AF900.jpg,2.9
AF641.jpg,2.483333
AF1856.jpg,4.2
AF1456.jpg,4.066667
CM244.jpg,3.0
AF1353.jpg,2.916667
AF778.jpg,2.8
CM404.jpg,2.533333
AF400.jpg,2.783333
AF1225.jpg,2.8
CM16.jpg,3.95
AM706.jpg,2.783333
AF1140.jpg,3.9
CF336.jpg,2.8
AM1326.jpg,2.633333
CM396.jpg,2.633333
AF1553.jpg,3.833333
AF127.jpg,2.9
CF315.jpg,2.866667
AM1839.jpg,2.616667
AM1924.jpg,2.75
AF130.jpg,2.516667
CF748.jpg,3.933333
CF1.jpg,4.116667
CM643.jpg,3.3
AF1962.jpg,3.616667
CM273.jpg,2.866667
AF1168.jpg,3.883333
AM419.jpg,2.583333
AF1677.jpg,3.25
AM1046.jpg,2.45
AM664.jpg,2.483333
AM108.jpg,3.9
AF30.jpg,3.1
AM1786.jpg,3.85
AF593.jpg,3.783333
AM1598.jpg,4.116667
AF1813.jpg,3.883333
AM998.jpg,2.583333
AM493.jpg,2.433333
AF525.jpg,2.283333
AM1599.jpg,3.666667
CF161.jpg,2.216667
CF536.jpg,3.733333
CF153.jpg,3.55
CF544.jpg,3.583333
AM1235.jpg,2.283333
CM452.jpg,2.35
AM1627.jpg,3.516667
CF183.jpg,2.85
AM844.jpg,2.533333
AF1134.jpg,3.333333
AF1203.jpg,3.366667
AF888.jpg,2.783333
AF1811.jpg,3.3
AM1757.jpg,4.2
AM139.jpg,4.5
CM601.jpg,2.883333
CF180.jpg,3.316667
AF670.jpg,3.05
AF221.jpg,2.433333
AM1160.jpg,2.416667
CM19.jpg,3.633333
CM101.jpg,4.283333
AM1416.jpg,2.8
AF432.jpg,3.033333
AF251.jpg,2.7
AM538.jpg,2.75
AM118.jpg,4.183333
CM257.jpg,2.3
AF1873.jpg,1.633333
AF282.jpg,2.583333
AM1718.jpg,3.9
AF788.jpg,1.383333
CF317.jpg,2.9
CF345.jpg,2.1
AM1091.jpg,2.366667
CF277.jpg,2.033333
AF230.jpg,2.683333
CF520.jpg,3.4
CM50.jpg,3.066667
AF500.jpg,2.35
CM496.jpg,2.616667
AF1356.jpg,3.3
AM1827.jpg,2.766667
AM3.jpg,4.05
CM201.jpg,3.283333
CF256.jpg,2.333333
AM1756.jpg,3.583333
CF293.jpg,3.183333
AF1294.jpg,2.266667
AF1953.jpg,2.316667
AM558.jpg,2.766667
AM97.jpg,3.733333
CM636.jpg,4.033333
CM411.jpg,2.866667
AF1112.jpg,4.233333
CM145.jpg,2.183333
AF828.jpg,2.283333
AF1586.jpg,3.766667
AF1530.jpg,3.516667
CF124.jpg,3.0
CM330.jpg,2.766667
AF1019.jpg,2.083333
AF41.jpg,4.25
AF1237.jpg,3.366667
AF303.jpg,2.9
AM1289.jpg,2.65
CM501.jpg,2.7
CF281.jpg,1.933333
AF18.jpg,2.566667
AM669.jpg,3.183333
AM101.jpg,3.483333
AM1754.jpg,3.733333
AM1804.jpg,2.616667
AM613.jpg,2.666667
CM6.jpg,3.95
AF406.jpg,2.583333
AF1412.jpg,3.233333
AM302.jpg,2.316667
AF1963.jpg,2.666667
AF1539.jpg,1.616667
CM70.jpg,2.816667
CM722.jpg,4.3
AM940.jpg,2.5
AM1286.jpg,2.65
AF1197.jpg,3.683333
CM109.jpg,3.45
CF306.jpg,2.666667
AM386.jpg,2.633333
AF1919.jpg,4.016667
AF1215.jpg,3.183333
AM1504.jpg,2.6
AF409.jpg,4.183333
AM694.jpg,2.916667
AF1385.jpg,3.8
AM264.jpg,1.533333
CM498.jpg,2.45
CF304.jpg,3.016667
AM701.jpg,1.983333
AF647.jpg,3.7
CF419.jpg,2.35
AF1041.jpg,2.383333
CM454.jpg,2.433333
CF332.jpg,2.75
AM752.jpg,2.35
AM1216.jpg,2.3
CF434.jpg,2.983333
CM328.jpg,2.133333
AM866.jpg,2.95
CF92.jpg,3.033333
AM1428.jpg,2.533333
AM1759.jpg,4.016667
AF1683.jpg,4.333333
AF1048.jpg,3.15
CM518.jpg,2.766667
AF727.jpg,3.383333
AM614.jpg,3.133333
AM1409.jpg,3.1
AM81.jpg,3.966667
CM538.jpg,2.65
CF631.jpg,3.75
AF1061.jpg,2.766667
AM1660.jpg,3.583333
CF181.jpg,2.783333
AF337.jpg,2.133333
CM627.jpg,2.583333
CM138.jpg,2.0
AM1122.jpg,2.216667
CM440.jpg,2.083333
AM1368.jpg,2.716667
AM928.jpg,2.55
AF640.jpg,2.6
CF567.jpg,4.433333
AF1288.jpg,3.283333
AF1301.jpg,4.033333
AM361.jpg,2.666667
AF1060.jpg,2.433333
AF1475.jpg,1.683333
AM654.jpg,2.8
AF1217.jpg,3.216667
AM1343.jpg,2.5
AF1609.jpg,3.516667
AF1693.jpg,3.9
AF1978.jpg,3.916667
AF189.jpg,2.416667
AM1372.jpg,2.483333
AF754.jpg,2.35
AM1016.jpg,1.816667
AM1097.jpg,2.216667
AF1780.jpg,3.683333
AM1620.jpg,2.416667
AM162.jpg,4.5
AF1320.jpg,4.166667
CM104.jpg,2.883333
AF123.jpg,2.033333
AF803.jpg,2.8
AF770.jpg,3.566667
CF573.jpg,4.266667
AM779.jpg,2.4
AM1916.jpg,2.75
CF347.jpg,2.983333
AM1076.jpg,2.716667
AM1276.jpg,2.166667
CF377.jpg,3.216667
AF1438.jpg,3.166667
AF97.jpg,2.3
AF376.jpg,2.666667
AM1747.jpg,2.95
CF672.jpg,3.25
CM503.jpg,3.116667
AF1654.jpg,2.966667
AM1919.jpg,2.866667
CF125.jpg,3.766667
AF1852.jpg,3.833333
CF231.jpg,2.7
AF1723.jpg,4.066667
AM1684.jpg,3.666667
AF1930.jpg,3.716667
AF6.jpg,1.566667
AM1073.jpg,2.2
AM1508.jpg,2.666667
AF583.jpg,2.5
AF389.jpg,2.833333
AM1883.jpg,4.166667
CM116.jpg,2.883333
AF785.jpg,2.666667
CM397.jpg,2.716667
AF873.jpg,2.933333
AF1798.jpg,3.466667
AM173.jpg,1.716667
AM1801.jpg,4.45
AM1907.jpg,3.083333
AM1953.jpg,3.95
AM1826.jpg,2.8
CF2.jpg,3.933333
CM100.jpg,2.833333
AF1303.jpg,3.75
CF720.jpg,3.233333
AM1944.jpg,4.266667
AF1376.jpg,3.516667
AM839.jpg,2.716667
AF928.jpg,4.116667
AM1187.jpg,2.833333
AM1544.jpg,2.55
AF1050.jpg,3.183333
CF472.jpg,2.516667
AF1229.jpg,2.883333
AM823.jpg,2.666667
AM367.jpg,2.9
CF243.jpg,3.533333
CM474.jpg,2.716667
AF1891.jpg,4.266667
AM966.jpg,2.9
CM461.jpg,3.033333
AM190.jpg,4.116667
AF1416.jpg,3.383333
AM1125.jpg,2.016667
CM476.jpg,2.7
CM77.jpg,4.366667
CF387.jpg,2.433333
CM708.jpg,3.983333
AF752.jpg,2.433333
CM112.jpg,2.95
AF129.jpg,3.1
AF44.jpg,2.783333
AF137.jpg,2.716667
AM337.jpg,3.8
CM161.jpg,2.216667
CF477.jpg,1.866667
AF404.jpg,2.633333
CF646.jpg,3.883333
CM174.jpg,3.6
AF1870.jpg,2.983333
AF399.jpg,2.133333
AM415.jpg,2.766667
CM677.jpg,4.083333
CF286.jpg,2.583333
AM148.jpg,4.1
CM712.jpg,3.833333
AF1037.jpg,2.0
AM335.jpg,2.783333
AM1100.jpg,2.15
AF1175.jpg,4.333333
CM179.jpg,2.766667
AF513.jpg,2.933333
AF1202.jpg,3.333333
AM1427.jpg,3.116667
AM578.jpg,2.316667
AF823.jpg,2.966667
AF1506.jpg,3.55
AF481.jpg,2.283333
AF1958.jpg,4.05
AM747.jpg,2.55
AM389.jpg,1.883333
CF49.jpg,4.066667
AM33.jpg,2.433333
AF170.jpg,2.383333
AF245.jpg,2.6
AM1551.jpg,2.45
AF1719.jpg,3.883333
CF688.jpg,3.6
CF130.jpg,2.966667
AM1260.jpg,2.55
CF476.jpg,2.833333
AF540.jpg,2.5
AF1010.jpg,2.583333
AM501.jpg,2.4
AF1816.jpg,4.566667
AM1664.jpg,4.283333
AF1216.jpg,2.783333
AM238.jpg,2.2
AM1689.jpg,4.133333
AM1594.jpg,3.5
CF307.jpg,3.433333
CM147.jpg,2.433333
AM503.jpg,2.933333
CM14.jpg,2.85
AM1639.jpg,4.3
AM1146.jpg,2.733333
AM981.jpg,2.566667
AM1287.jpg,2.383333
CF662.jpg,4.066667
AM592.jpg,3.5
AM802.jpg,2.85
CM398.jpg,2.166667
AM7.jpg,3.25
AM1154.jpg,2.95
AF619.jpg,2.966667
CM212.jpg,2.466667
AF832.jpg,2.966667
AF1491.jpg,4.2
AF1408.jpg,3.65
AF153.jpg,2.133333
AF1560.jpg,3.983333
CM347.jpg,2.4
AF49.jpg,2.133333
AM608.jpg,2.833333
AF780.jpg,3.066667
AF1740.jpg,4.2
AF1916.jpg,3.166667
AF240.jpg,3.066667
CF435.jpg,2.833333
AM1226.jpg,2.8
CF553.jpg,3.916667
AF1994.jpg,2.683333
AF1143.jpg,1.983333
AM1912.jpg,2.95
AM972.jpg,2.583333
AM1147.jpg,2.533333
AF437.jpg,3.083333
AF574.jpg,2.916667
CM151.jpg,2.183333
AM1658.jpg,3.466667
AF209.jpg,2.733333
AM293.jpg,2.15
AM845.jpg,2.683333
CM108.jpg,3.716667
AF1587.jpg,3.533333
CM571.jpg,2.383333
AM1666.jpg,3.95
CF62.jpg,2.166667
AF562.jpg,2.866667
CF193.jpg,3.7
AF246.jpg,3.2
AF1729.jpg,3.133333
AF1017.jpg,3.5
CM597.jpg,3.316667
CM568.jpg,2.116667
CM363.jpg,2.216667
CF175.jpg,2.7
AF335.jpg,2.383333
AF820.jpg,2.9
AF937.jpg,2.85
AM1616.jpg,4.116667
AF1482.jpg,3.316667
CM450.jpg,3.733333
AM927.jpg,2.716667
AM234.jpg,2.566667
AF691.jpg,2.483333
CF363.jpg,3.066667
AM1789.jpg,3.316667
CF639.jpg,4.283333
CM167.jpg,2.7
CF313.jpg,2.116667
CF551.jpg,4.45
AM216.jpg,2.9
CM335.jpg,3.0
AM382.jpg,2.466667
CM730.jpg,3.55
AM1387.jpg,2.066667
AF1684.jpg,4.433333
CF259.jpg,2.933333
AM1403.jpg,2.816667
AM675.jpg,2.733333
CM17.jpg,4.016667
AM407.jpg,2.383333
AM1437.jpg,3.2
AF1400.jpg,3.583333
CM324.jpg,2.983333
CF230.jpg,2.783333
AF1627.jpg,3.766667
AF444.jpg,3.166667
AF1932.jpg,2.783333
AF747.jpg,2.533333
AF1500.jpg,4.45
AF1559.jpg,4.133333
CF677.jpg,3.866667
AF1519.jpg,3.933333
CM227.jpg,2.883333
AM42.jpg,3.566667
AF1300.jpg,2.616667
AM980.jpg,2.283333
AM347.jpg,2.433333
CF167.jpg,3.166667
AM1358.jpg,2.85
AF1667.jpg,3.8
CM375.jpg,2.733333
AM1045.jpg,2.0
AF365.jpg,1.933333
CF349.jpg,2.866667
CM470.jpg,2.633333
AF155.jpg,2.55
CF495.jpg,2.933333
AF1308.jpg,3.55
AM943.jpg,2.85
AM1595.jpg,3.933333
AM392.jpg,2.5
AM235.jpg,2.333333
AF1366.jpg,3.533333
AM744.jpg,2.95
AF1480.jpg,2.733333
AM618.jpg,2.716667
AF1364.jpg,3.95
CF244.jpg,3.683333
AM637.jpg,2.933333
AF420.jpg,3.416667
CM706.jpg,3.75
AM1203.jpg,2.833333
CF140.jpg,2.65
AF171.jpg,2.966667
AF1063.jpg,4.316667
AF666.jpg,2.933333
AM453.jpg,2.733333
AF255.jpg,1.783333
AM1393.jpg,2.6
AF604.jpg,2.8
AM25.jpg,4.233333
AM508.jpg,3.15
CF94.jpg,2.383333
AF578.jpg,2.133333
AM1742.jpg,4.283333
AM782.jpg,2.716667
AM1210.jpg,2.35
AM106.jpg,3.1
AM800.jpg,2.633333
CF126.jpg,2.816667
AM231.jpg,2.6
AM739.jpg,1.983333
CF101.jpg,2.483333
AM314.jpg,2.883333
AF764.jpg,2.6
AF450.jpg,3.1
AF1449.jpg,3.85
AM1294.jpg,2.433333
AF602.jpg,2.65
AM1274.jpg,2.633333
AF725.jpg,2.533333
AM1575.jpg,4.183333
AF729.jpg,2.666667
AF831.jpg,2.383333
AM1515.jpg,2.633333
AF1064.jpg,3.883333
AM1586.jpg,3.466667
AF889.jpg,2.583333
AF1569.jpg,3.966667
CF136.jpg,2.466667
CF139.jpg,2.316667
AF1712.jpg,3.5
AM1400.jpg,2.9
CM4.jpg,4.316667
CF565.jpg,3.533333
AM1248.jpg,2.5
AF1391.jpg,2.966667
AM394.jpg,1.816667
AF797.jpg,2.766667
CM243.jpg,2.25
AM1650.jpg,4.1
CM578.jpg,2.95
AM1625.jpg,3.383333
CF195.jpg,2.733333
CF216.jpg,2.6
AF454.jpg,2.8
CF7.jpg,3.916667
AM1006.jpg,2.233333
AM102.jpg,2.933333
AM842.jpg,2.9
AM1055.jpg,2.483333
AM1755.jpg,3.15
AM504.jpg,2.5
AM1679.jpg,4.1
AF383.jpg,2.483333
AF1223.jpg,2.133333
AF1293.jpg,4.033333
CF411.jpg,3.95
AF398.jpg,4.066667
AM758.jpg,2.866667
AF1783.jpg,3.616667
CM749.jpg,4.283333
CM288.jpg,2.716667
AF1129.jpg,4.166667
AF948.jpg,2.766667
AF704.jpg,2.616667
AM1473.jpg,1.65
CM230.jpg,2.383333
AM1394.jpg,2.583333
CM699.jpg,3.766667
AF433.jpg,3.916667
AM1619.jpg,4.416667
AM852.jpg,2.45
CF376.jpg,2.45
AF61.jpg,2.366667
AM805.jpg,2.15
CM745.jpg,3.583333
AM1626.jpg,4.1
AM1854.jpg,3.95
AM690.jpg,2.233333
AF271.jpg,3.233333
CM89.jpg,2.666667
AM157.jpg,3.666667
AF1243.jpg,2.2
CF237.jpg,3.183333
AM1155.jpg,2.666667
AM1231.jpg,1.95
AF1714.jpg,3.8
AF621.jpg,2.783333
AF141.jpg,2.333333
AM53.jpg,3.85
AF1515.jpg,3.8
AM638.jpg,2.166667
AM593.jpg,2.35
AF586.jpg,4.116667
AF1049.jpg,2.95
AM507.jpg,2.633333
AM987.jpg,2.683333
AM924.jpg,2.9
AM1597.jpg,4.3
CF8.jpg,4.5
AM350.jpg,2.35
AF241.jpg,1.983333
AF1568.jpg,3.833333
AF14.jpg,1.716667
AF1835.jpg,3.033333
AF1660.jpg,3.7
AF208.jpg,2.733333
CM443.jpg,2.65
AF401.jpg,1.833333
CF689.jpg,4.483333
AF315.jpg,3.2
AF1069.jpg,3.183333
AM900.jpg,2.516667
AM570.jpg,2.216667
AM1425.jpg,2.316667
CM149.jpg,2.75
CF409.jpg,2.766667
CF642.jpg,4.216667
AF358.jpg,3.066667
AM1336.jpg,2.533333
CM663.jpg,4.483333
AM1250.jpg,2.666667
CM561.jpg,3.183333
AF473.jpg,2.65
CF713.jpg,3.75
CF333.jpg,2.4
AF1179.jpg,3.933333
CF674.jpg,3.966667
CM349.jpg,2.733333
CF558.jpg,3.833333
AF323.jpg,2.516667
AM442.jpg,2.6
CM341.jpg,2.566667
CF118.jpg,1.883333
CM604.jpg,2.666667
AM925.jpg,2.633333
CM642.jpg,3.233333
AF1182.jpg,2.916667
AF1086.jpg,3.65
AM1295.jpg,2.233333
AF862.jpg,4.266667
AM1297.jpg,2.433333
AF653.jpg,2.583333
AF1012.jpg,2.766667
AM1106.jpg,2.116667
AF538.jpg,3.133333
CF200.jpg,2.616667
CF280.jpg,2.05
AF1481.jpg,3.933333
AF1827.jpg,4.166667
AM1935.jpg,4.316667
CF605.jpg,3.716667
CM46.jpg,3.816667
AM522.jpg,2.316667
AM1676.jpg,3.116667
AF1106.jpg,3.516667
AM1683.jpg,3.366667
AM910.jpg,2.1
CM124.jpg,2.7
CF88.jpg,2.983333
AM1051.jpg,2.8
AM1835.jpg,3.616667
CF427.jpg,2.75
AM1946.jpg,3.166667
AF259.jpg,2.0
CF439.jpg,2.683333
CF582.jpg,4.233333
AM835.jpg,2.566667
AF77.jpg,2.666667
AM1514.jpg,2.866667
AM1071.jpg,2.116667
AF1166.jpg,3.75
CM172.jpg,3.483333
CF694.jpg,3.483333
CM644.jpg,4.116667
AM1039.jpg,3.116667
AF710.jpg,1.933333
AM526.jpg,2.75
AM1128.jpg,2.633333
AF1100.jpg,2.666667
CF712.jpg,3.85
AF1990.jpg,4.166667
AM887.jpg,2.366667
AM365.jpg,2.783333
AM496.jpg,2.416667
CF112.jpg,2.783333
AM188.jpg,3.7
AF1200.jpg,3.7
AF219.jpg,2.133333
AF1755.jpg,4.1
AF166.jpg,2.7
AF1425.jpg,3.483333
AM1606.jpg,4.366667
AM1445.jpg,2.666667
AM1936.jpg,4.5
CF257.jpg,2.933333
AF403.jpg,2.633333
AF1558.jpg,3.7
AF1327.jpg,3.083333
AF1085.jpg,2.283333
AM1792.jpg,3.333333
AF542.jpg,3.116667
AF1620.jpg,3.883333
AM1207.jpg,2.133333
CF324.jpg,2.383333
CF128.jpg,2.733333
AM1454.jpg,2.616667
AF809.jpg,2.833333
CF357.jpg,3.033333
AF1036.jpg,2.75
AF262.jpg,2.4
AF1056.jpg,4.216667
AM219.jpg,2.5
AF789.jpg,1.533333
AF520.jpg,1.666667
CM577.jpg,2.833333
AF1420.jpg,3.433333
CM310.jpg,2.983333
AF1642.jpg,2.8
AM1275.jpg,2.433333
AF714.jpg,2.733333
AF1756.jpg,4.0
AF973.jpg,3.0
AM1218.jpg,3.566667
AM133.jpg,3.1
AF1574.jpg,3.766667
AF501.jpg,3.833333
AF1087.jpg,2.766667
CF574.jpg,3.9
AM898.jpg,2.383333
CM158.jpg,2.766667
CM216.jpg,3.233333
CM106.jpg,3.15
CF360.jpg,2.3
AF1589.jpg,3.716667
AF476.jpg,3.966667
CM231.jpg,2.416667
AM1169.jpg,2.25
AM1877.jpg,4.033333
AM562.jpg,2.983333
AM513.jpg,2.65
CF470.jpg,3.75
CM678.jpg,4.0
CM715.jpg,3.966667
AF1081.jpg,2.9
AM38.jpg,3.1
AM619.jpg,2.15
AF861.jpg,3.15
CM175.jpg,3.25
AF327.jpg,3.016667
AM1844.jpg,2.733333
AF1668.jpg,4.066667
AF332.jpg,2.433333
AM22.jpg,4.7
CM152.jpg,1.816667
AM1137.jpg,3.0
AM117.jpg,4.116667
AF875.jpg,2.533333
CF42.jpg,3.333333
AF739.jpg,2.45
CM198.jpg,2.583333
AF491.jpg,3.716667
AM303.jpg,2.033333
AM1438.jpg,2.533333
AF623.jpg,3.016667
AM1019.jpg,2.7
AF1276.jpg,2.016667
AF1562.jpg,3.4
AM840.jpg,3.0
AF370.jpg,2.516667
AM876.jpg,2.65
CF461.jpg,2.7
AF1059.jpg,3.033333
AF1698.jpg,3.25
AM545.jpg,2.35
CM290.jpg,2.616667
AF624.jpg,2.7
AF1269.jpg,3.483333
AM1634.jpg,2.916667
AM1284.jpg,2.366667
AF1152.jpg,3.3
AM961.jpg,2.916667
AF1401.jpg,4.233333
AF1030.jpg,2.316667
AM181.jpg,2.516667
CM444.jpg,3.133333
AF1172.jpg,3.916667
AF880.jpg,3.783333
AF1355.jpg,4.133333
CM234.jpg,4.333333
AM1121.jpg,2.566667
CM481.jpg,2.9
AM715.jpg,2.616667
AM1303.jpg,2.15
CF308.jpg,2.466667
AF1555.jpg,3.166667
AF1622.jpg,3.9
AM1795.jpg,4.483333
CM259.jpg,2.683333
CM560.jpg,2.35
AM1244.jpg,2.3
AM884.jpg,2.7
AF655.jpg,3.316667
AF249.jpg,2.95
AM551.jpg,2.016667
AF1879.jpg,3.8
CF375.jpg,2.566667
AF1311.jpg,4.033333
CM732.jpg,4.4
AF896.jpg,3.033333
AM1044.jpg,2.733333
AF1616.jpg,2.783333
AM1913.jpg,3.2
CM623.jpg,2.116667
CF117.jpg,1.983333
CF622.jpg,3.433333
AF1442.jpg,3.683333
AF1735.jpg,3.883333
CM583.jpg,2.866667
AM1491.jpg,2.6
AF865.jpg,2.4
AF452.jpg,2.616667
CF63.jpg,2.366667
AF1921.jpg,2.466667
AM1355.jpg,2.8
AM445.jpg,2.433333
CF675.jpg,3.95
CF559.jpg,3.583333
AF892.jpg,3.8
CF637.jpg,4.4
AF982.jpg,2.883333
AF1177.jpg,3.683333
AF1980.jpg,3.533333
AF1800.jpg,3.483333
CM376.jpg,3.116667
AM1783.jpg,3.166667
CF703.jpg,4.066667
AM203.jpg,2.766667
AM1015.jpg,2.333333
AF559.jpg,2.966667
CM495.jpg,2.266667
AM1148.jpg,2.6
CM514.jpg,2.466667
CM268.jpg,2.916667
AM257.jpg,2.616667
AM377.jpg,2.666667
AF281.jpg,2.183333
AF1528.jpg,3.383333
AF292.jpg,2.783333
AM1793.jpg,2.666667
AM1478.jpg,2.3
CM256.jpg,2.783333
AF112.jpg,2.65
AF64.jpg,2.3
CF460.jpg,2.55
AM1433.jpg,2.716667
CF301.jpg,3.766667
CM609.jpg,2.716667
CF586.jpg,4.183333
AF1107.jpg,4.216667
AM698.jpg,2.666667
AF597.jpg,2.916667
AM1994.jpg,4.05
CM7.jpg,4.35
CM99.jpg,2.666667
CF141.jpg,3.583333
CM181.jpg,2.966667
AM99.jpg,3.566667
CM380.jpg,2.666667
AM1256.jpg,2.766667
AF1043.jpg,2.516667
AM524.jpg,2.4
CM534.jpg,3.4
AF1623.jpg,3.983333
AF191.jpg,2.666667
AF486.jpg,2.416667
CM321.jpg,2.75
AF1697.jpg,4.016667
AM1257.jpg,2.6
AM1346.jpg,2.55
AM312.jpg,3.233333
AF79.jpg,2.783333
AF1387.jpg,4.016667
AF836.jpg,4.0
AM561.jpg,2.833333
AF730.jpg,2.5
AF1419.jpg,3.816667
AM482.jpg,2.9
CF391.jpg,3.55
AM1098.jpg,3.25
AM1183.jpg,2.8
CF316.jpg,2.9
AF355.jpg,2.7
AM1202.jpg,2.683333
CM442.jpg,2.766667
CF500.jpg,2.75
CM494.jpg,2.516667
CF149.jpg,3.583333
AF1130.jpg,2.833333
CF10.jpg,3.55
AF260.jpg,2.266667
AM406.jpg,2.8
AF1790.jpg,2.033333
AF434.jpg,3.0
CF69.jpg,3.0
AM816.jpg,2.45
AM1790.jpg,4.083333
AF1808.jpg,3.8
AF1629.jpg,4.033333
AM1951.jpg,2.95
CF728.jpg,4.316667
AM1667.jpg,4.233333
CM585.jpg,2.85
AF1708.jpg,2.75
AF1205.jpg,4.133333
CM426.jpg,3.05
AM1527.jpg,2.166667
CM312.jpg,2.25
AM1107.jpg,2.083333
AF164.jpg,3.083333
CM21.jpg,3.05
AF455.jpg,2.266667
AM1377.jpg,2.216667
CF319.jpg,2.65
AM466.jpg,2.733333
AM1271.jpg,2.45
AF607.jpg,2.55
AF415.jpg,2.55
AF1448.jpg,3.9
AM1201.jpg,2.15
AF1634.jpg,4.0
CF691.jpg,3.45
AM1803.jpg,2.716667
AM1708.jpg,4.483333
AM935.jpg,2.016667
AF448.jpg,2.683333
AF857.jpg,2.333333
CF329.jpg,2.9
AF1226.jpg,2.3
AM1230.jpg,2.583333
AM192.jpg,2.616667
CM726.jpg,3.433333
AM645.jpg,2.9
AF258.jpg,2.3
AM1645.jpg,4.066667
AM79.jpg,2.433333
AF1437.jpg,4.316667
AM1572.jpg,4.3
AM1072.jpg,3.05
CM719.jpg,3.933333
CF25.jpg,3.966667
CM379.jpg,2.633333
AF93.jpg,2.533333
AF1427.jpg,3.566667
CM612.jpg,2.433333
AM1079.jpg,2.333333
AF590.jpg,2.766667
AM297.jpg,2.166667
CF330.jpg,2.483333
CM410.jpg,2.816667
AF1779.jpg,3.683333
CF390.jpg,2.6
AM639.jpg,2.55
AM1728.jpg,3.6
AF1246.jpg,3.066667
AM1711.jpg,3.216667
AF665.jpg,2.55
AM500.jpg,2.55
AM460.jpg,3.25
AM267.jpg,4.033333
AM957.jpg,2.05
AF1127.jpg,2.866667
AF1651.jpg,1.8
CM551.jpg,3.1
AM1875.jpg,3.15
AF1917.jpg,2.933333
AF527.jpg,3.133333
CM620.jpg,1.9
AF585.jpg,2.2
AF1904.jpg,3.866667
CF511.jpg,2.05
AM1512.jpg,2.75
AF1114.jpg,2.966667
AF1644.jpg,3.816667
AF1189.jpg,2.733333
AM1083.jpg,2.7
AF845.jpg,3.233333
CM83.jpg,2.283333
AF512.jpg,2.466667
AF1468.jpg,4.383333
AF707.jpg,2.066667
CF613.jpg,4.45
CM8.jpg,2.466667
CF214.jpg,2.4
AM1543.jpg,2.733333
AM1770.jpg,3.366667
AM521.jpg,2.55
AF1196.jpg,3.666667
AF634.jpg,3.383333
AF1935.jpg,1.4
AM429.jpg,2.516667
AM186.jpg,4.15
CF146.jpg,3.283333
CF740.jpg,4.133333
AF1123.jpg,2.516667
AF1839.jpg,4.266667
AF89.jpg,1.65
AF825.jpg,2.916667
AF362.jpg,2.016667
AM847.jpg,2.916667
AM447.jpg,2.416667
AF781.jpg,2.516667
AM43.jpg,2.65
CM669.jpg,4.416667
CF645.jpg,3.866667
AF972.jpg,4.366667
AF361.jpg,2.933333
CF155.jpg,2.183333
CF365.jpg,3.6
AM1640.jpg,4.283333
AF734.jpg,2.95
CF46.jpg,2.483333
CF311.jpg,2.566667
AM284.jpg,1.716667
AF1113.jpg,3.35
AF1682.jpg,3.883333
AF1796.jpg,2.083333
AF1083.jpg,4.4
AF1970.jpg,2.916667
CF371.jpg,2.75
AM1116.jpg,2.5
AF266.jpg,2.4
AM452.jpg,2.3
AF53.jpg,2.166667
AM13.jpg,2.866667
AM1908.jpg,2.1
CM393.jpg,2.983333
AM1739.jpg,2.716667
CM632.jpg,2.333333
AF1647.jpg,3.633333
CF517.jpg,1.916667
CM242.jpg,2.65
AM1903.jpg,2.633333
CM3.jpg,4.183333
AF110.jpg,3.25
CF624.jpg,3.9
CM598.jpg,3.1
AF139.jpg,2.133333
AM169.jpg,1.766667
CM350.jpg,2.333333
AM731.jpg,2.833333
AM893.jpg,2.1
CF344.jpg,3.316667
AM1622.jpg,3.333333
AM1633.jpg,3.133333
AF1727.jpg,2.816667
AF719.jpg,2.233333
AF822.jpg,2.15
AM1649.jpg,3.55
CF431.jpg,2.833333
CF676.jpg,3.483333
AF846.jpg,1.733333
CM524.jpg,2.166667
AM573.jpg,2.133333
AM1503.jpg,2.416667
CF480.jpg,3.633333
AM177.jpg,2.366667
AM1311.jpg,2.866667
CF732.jpg,3.766667
CM142.jpg,3.216667
AM665.jpg,2.483333
AM339.jpg,2.416667
AF274.jpg,2.95
CF3.jpg,4.283333
CM651.jpg,3.8
AF688.jpg,1.616667
CM63.jpg,2.45
AF1658.jpg,3.133333
AM371.jpg,2.716667
AF841.jpg,2.416667
CF545.jpg,3.833333
AF1178.jpg,3.983333
AF1829.jpg,2.85
AF961.jpg,3.833333
AF488.jpg,3.3
AM640.jpg,2.85
AF1524.jpg,3.9
CF679.jpg,3.933333
AF322.jpg,1.816667
AF307.jpg,2.466667
AM1298.jpg,2.616667
AF950.jpg,3.566667
AM1018.jpg,2.883333
AM741.jpg,2.616667
AM19.jpg,2.85
AM237.jpg,2.016667
AM786.jpg,2.916667
CF498.jpg,2.7
AM1590.jpg,3.916667
CF717.jpg,3.433333
AM1038.jpg,2.783333
CM78.jpg,2.983333
AM1623.jpg,3.4
AF1637.jpg,3.983333
AM1609.jpg,3.65
AF456.jpg,2.65
AF510.jpg,3.733333
AM795.jpg,1.983333
AM1188.jpg,2.466667
CM594.jpg,3.933333
AF1161.jpg,2.066667
CM500.jpg,3.583333
AM492.jpg,2.4
AM1992.jpg,4.083333
AM705.jpg,2.85
AM1929.jpg,4.183333
AF1399.jpg,3.183333
AF1943.jpg,3.666667
CM522.jpg,2.716667
AM1370.jpg,2.983333
AM1341.jpg,2.85
CM434.jpg,3.033333
CF21.jpg,4.25
CM253.jpg,2.266667
AF414.jpg,2.35
AF1312.jpg,4.0
AM1087.jpg,2.0
CF292.jpg,2.516667
AM1385.jpg,2.516667
AM1872.jpg,3.266667
AF1898.jpg,3.533333
AF1297.jpg,3.383333
AF1849.jpg,3.283333
AF1328.jpg,3.716667
AM1452.jpg,2.483333
AF1612.jpg,3.866667
CF75.jpg,2.233333
AF1368.jpg,3.083333
AF646.jpg,3.633333
AF1982.jpg,3.266667
CF626.jpg,3.316667
AF472.jpg,3.016667
AF955.jpg,4.0
AM810.jpg,2.616667
CF640.jpg,4.65
AF751.jpg,3.1
AF1579.jpg,4.1
AF761.jpg,2.066667
AM541.jpg,2.683333
CM229.jpg,2.6
AF254.jpg,3.183333
AM1652.jpg,4.133333
CM499.jpg,3.766667
CF291.jpg,3.3
CM205.jpg,2.216667
CM206.jpg,2.95
CF666.jpg,4.333333
AF1859.jpg,1.85
CF510.jpg,3.633333
AF839.jpg,3.266667
CF28.jpg,4.3
CM293.jpg,2.433333
AF354.jpg,2.816667
AM1511.jpg,2.416667
AF994.jpg,3.666667
AF676.jpg,2.6
CM139.jpg,2.483333
CM76.jpg,2.466667
AF636.jpg,3.583333
AM711.jpg,2.85
AF1230.jpg,2.016667
AF759.jpg,2.25
AM1687.jpg,3.983333
AM1635.jpg,3.666667
AF531.jpg,3.0
CM298.jpg,2.533333
AF138.jpg,2.416667
AF1774.jpg,3.016667
AM44.jpg,4.2
AF1195.jpg,3.433333
AM1591.jpg,4.35
AM1982.jpg,3.05
AM992.jpg,2.683333
AF723.jpg,2.766667
CF652.jpg,3.95
AF396.jpg,2.0
CM34.jpg,1.933333
CF634.jpg,4.633333
AM813.jpg,3.8
AF963.jpg,4.216667
CM266.jpg,3.083333
AM484.jpg,2.833333
AM666.jpg,2.816667
AF306.jpg,2.933333
CM79.jpg,3.1
AM1510.jpg,2.7
AM1731.jpg,3.666667
AM531.jpg,2.7
AF1247.jpg,3.85
AF1219.jpg,3.2
AF529.jpg,2.55
AM1321.jpg,2.65
AF1191.jpg,4.233333
AF1071.jpg,3.133333
AF12.jpg,2.083333
AM1327.jpg,2.666667
AM657.jpg,3.033333
AM184.jpg,2.0
AF1284.jpg,3.4
AF1418.jpg,2.966667
AF1486.jpg,4.033333
AF1871.jpg,3.65
AF930.jpg,4.016667
AF1678.jpg,3.35
AF584.jpg,2.566667
AM159.jpg,2.133333
AM187.jpg,3.966667
AF1614.jpg,2.966667
AF1459.jpg,4.0
CF550.jpg,3.483333
CF497.jpg,2.883333
AM1778.jpg,2.133333
CM424.jpg,2.983333
AF1951.jpg,2.9
AF1705.jpg,3.133333
CM29.jpg,1.8
AM1317.jpg,2.583333
CM457.jpg,3.2
CF334.jpg,2.166667
CF74.jpg,2.316667
AM74.jpg,1.6
CF389.jpg,2.066667
CF641.jpg,4.45
CM87.jpg,2.883333
AM374.jpg,2.55
CF356.jpg,2.8
AF656.jpg,2.6
AF202.jpg,2.65
AM273.jpg,2.366667
AF815.jpg,1.316667
CM508.jpg,2.3
AF1892.jpg,3.7
CM364.jpg,3.6
AM140.jpg,3.116667
AF992.jpg,2.666667
CM673.jpg,4.216667
